id,source,source_id,source_url,name,subcategory,stars,street,house_number,postcode,neighborhood,city,lat,lon,beds,extra_beds,owner,oib,mbo,tourist_board,raw_address,raw_name,source_subcategory,scraped_at
478b0faf-4373-5548-9d9f-eeaaa0f3a0e9,croatia_hr,apartman-3289,https://accommodation.croatia.hr/hr-hr/apartmani/split/apartman-3289/,Apartman,Objekti u domaćinstvu,,Šime Ljubića,39,,,Split,43.505216,16.475347,4,,Dario Matijević,,,Turistička zajednica grada Split,Šime Ljubića 39,Apartman,Objekti u domaćinstvu,2026-05-16T11:59:07+00:00
8fbb8264-362b-5c33-9bf3-645e8dfad8b9,croatia_hr,apartman-2003,https://accommodation.croatia.hr/hr-hr/apartmani/split/apartman-2003/,APARTMAN 2003,Apartman,,Put Žnjana,20A,,,Split,43.502554,16.482392,2,,Plavi safir d.o.o.,,,Turistička zajednica grada Split,Put Žnjana 20A,APARTMAN 2003,Apartman,2026-05-16T11:59:07+00:00
330bb49e-1f89-5d00-aa56-6233ee2eabcd,croatia_hr,all-suites-posh,https://accommodation.croatia.hr/hr-hr/apartmani/split/all-suites-posh/,ALL SUITES POSH,Apartman,,Spinčićeva,27,,,Split,43.501754,16.461985,22,,FLORES SILVESTRES d.o.o.,,,Turistička zajednica grada Split,Spinčićeva 27,ALL SUITES POSH,Apartman,2026-05-16T11:59:07+00:00
796582fc-9643-5bfd-a925-38f0bfde4b78,croatia_hr,apartman-srdan-javorcic,https://accommodation.croatia.hr/hr-hr/apartmani/split/apartman-srdan-javorcic/,Apartman Srđan Javorčić,Objekti u domaćinstvu,,Bračka,13,,,Split,43.5061891181,16.4787009358,6,,Srđan Javorčić,,,Turistička zajednica grada Split,Bračka 13,Apartman Srđan Javorčić,Objekti u domaćinstvu,2026-05-16T11:59:07+00:00
cb8284f4-e6d0-5c10-b8cf-d8ed37335ea8,croatia_hr,apartman-0004,https://accommodation.croatia.hr/hr-hr/apartmani/split/apartman-0004/,APARTMAN 0004,Apartman,,Put Žnjana,20A,,,Split,43.502554,16.482392,2,,Plavi safir d.o.o.,,,Turistička zajednica grada Split,Put Žnjana 20A,APARTMAN 0004,Apartman,2026-05-16T11:59:07+00:00
f12befd3-9de9-503b-92b6-40261e46300f,croatia_hr,apartman-i-studio-apartman-mijo-galiot,https://accommodation.croatia.hr/hr-hr/apartmani/split/apartman-i-studio-apartman-mijo-galiot/,Apartman i studio apartman Mijo Galiot,Objekti u domaćinstvu,,Kralja Zvonimira,47,,,Split,43.505943,16.44763,4,,Mijo Galiot,,,Turistička zajednica grada Split,Kralja Zvonimira 47,Apartman i studio apartman Mijo Galiot,Objekti u domaćinstvu,2026-05-16T11:59:07+00:00
d026de03-227f-56de-85b1-7c7e1769988d,croatia_hr,apartman-2457,https://accommodation.croatia.hr/hr-hr/apartmani/split/apartman-2457/,Apartman,Objekti u domaćinstvu,,Šime Ljubića,39,,,Split,43.505216,16.475347,4,,Paula Matijević,,,Turistička zajednica grada Split,Šime Ljubića 39,Apartman,Objekti u domaćinstvu,2026-05-16T11:59:07+00:00
444a4be9-dcdd-50cd-948a-28af46cb986c,croatia_hr,apartman-3459,https://accommodation.croatia.hr/hr-hr/apartmani/split/apartman-3459/,Apartman,Apartman,,Ulica 141. brigade hrvatske vojske,19,,,Split,43.5191703,16.4859948,2,,SMART 2 GO d.o.o.,,,Turistička zajednica grada Split,Ulica 141. brigade hrvatske vojske 19,Apartman,Apartman,2026-05-16T11:59:07+00:00
8a28f07e-f449-50f0-aa75-028ced92cd3f,croatia_hr,eol-apartmani,https://accommodation.croatia.hr/hr-hr/apartmani/split/eol-apartmani/,EOL APARTMANI,Apartman,,Put Žnjana,4,,,Split,43.502738,16.481979,30,,PELJEŠAC NEKRETNINE d.o.o.,,,Turistička zajednica grada Split,Put Žnjana 4,EOL APARTMANI,Apartman,2026-05-16T11:59:07+00:00
8811f76c-266d-57f8-966b-0cf478f93685,croatia_hr,kampanel-2,https://accommodation.croatia.hr/hr-hr/apartmani/split/kampanel-2/,Kampanel,Objekti u domaćinstvu,,Dražanac,1A,,,Split,43.506733,16.43201,4,,Smilja Matijević,,,Turistička zajednica grada Split,Dražanac 1/A,Kampanel,Objekti u domaćinstvu,2026-05-16T11:59:07+00:00
a1b0e897-7e86-52a4-ae18-305ae31403d6,croatia_hr,liberty-living-apartman,https://accommodation.croatia.hr/hr-hr/apartmani/split/liberty-living-apartman/,LIBERTY LIVING Apartman,Apartman,,Put Žnjana,14F,,,Split,43.50314,16.48291,20,,LIBERTY LIVING d.o.o.,,,Turistička zajednica grada Split,Put Žnjana 14F,LIBERTY LIVING Apartman,Apartman,2026-05-16T11:59:07+00:00
0ff844f6-689c-5ef4-aac8-aa815e1ee3f6,croatia_hr,linda-radman,https://accommodation.croatia.hr/hr-hr/apartmani/split/linda-radman/,Linda Radman,Objekti u domaćinstvu,,Put Žnjana,10,,,Split,43.503376,16.481063,3,,Linda Radman,,,Turistička zajednica grada Split,Put Žnjana 10 C,Linda Radman,Objekti u domaćinstvu,2026-05-16T11:59:07+00:00
ad061db2-984f-54fc-97fd-248362989f15,croatia_hr,luce,https://accommodation.croatia.hr/hr-hr/apartmani/split/luce/,LUCE,Objekti u domaćinstvu,,Klarin,7,,,Split,43.504346,16.446404,4,,Ivana Šarić,,,Turistička zajednica grada Split,Klarin 7,LUCE,Objekti u domaćinstvu,2026-05-16T11:59:07+00:00
b38d2505-0b12-55bd-ae82-8c7b61fcffef,croatia_hr,luka-pitalo,https://accommodation.croatia.hr/hr-hr/apartmani/split/luka-pitalo/,LUKA PITALO,Objekti u domaćinstvu,,Drvenička,25,,,Split,43.504894,16.411577,4,,LUKA PITALO,,,Turistička zajednica grada Split,DRVENIČKA 25,LUKA PITALO,Objekti u domaćinstvu,2026-05-16T11:59:07+00:00
7491fad3-2016-52ea-9a4a-fe5e47103700,croatia_hr,penthouse-vinci,https://accommodation.croatia.hr/hr-hr/apartmani/split/penthouse-vinci/,PENTHOUSE VINCI,Apartman,,Vinkovačka,3,,,Split,43.512656,16.458591,6,,STANOVI JADRANA d.d.,,,Turistička zajednica grada Split,Vinkovačka 3,PENTHOUSE VINCI,Apartman,2026-05-16T11:59:07+00:00
f87367af-c46e-5bbf-8f33-eb16ae283536,croatia_hr,piazza-heritage-app,https://accommodation.croatia.hr/hr-hr/apartmani/split/piazza-heritage-app/,PIAZZA HERITAGE APP,Apartman,,Kraj Sv Marije,1,,,Split,43.509262,16.438161,2,,Sensa d.o.o,,,Turistička zajednica grada Split,Kraj Sv Marije 1,PIAZZA HERITAGE APP,Apartman,2026-05-16T11:59:07+00:00
c78112b3-2505-5d0e-95da-575e03d232bc,croatia_hr,pura-vida,https://accommodation.croatia.hr/hr-hr/apartmani/split/pura-vida/,PURA VIDA,Apartman,,Poljička cesta,20A,,,Split,43.504776,16.455785,2,,SAIL&DINE d.o.o.,,,Turistička zajednica grada Split,Poljička cesta 20A,PURA VIDA,Apartman,2026-05-16T11:59:07+00:00
fb9a5b86-1369-5c1f-a62a-5630f307a5f0,croatia_hr,s2-2,https://accommodation.croatia.hr/hr-hr/apartmani/split/s2-2/,S2,Apartman,,Jadranska,12,,,Split,43.50267,16.445007,2,,GUNJAČA - PROJEKT d.o.o.,,,Turistička zajednica grada Split,Jadranska 12,S2,Apartman,2026-05-16T11:59:07+00:00
c41f7f2c-b2fe-53f9-8509-c20e747302d7,croatia_hr,s3,https://accommodation.croatia.hr/hr-hr/apartmani/split/s3/,S3,Apartman,,Jadranska,12,,,Split,43.50267,16.445007,2,,GUNJAČA - PROJEKT d.o.o.,,,Turistička zajednica grada Split,Jadranska 12,S3,Apartman,2026-05-16T11:59:07+00:00
f05341f2-fe08-574f-b61a-4bcee935a308,croatia_hr,soba-i-apartman-ivan-maros,https://accommodation.croatia.hr/hr-hr/apartmani/split/soba-i-apartman-ivan-maros/,Soba i Apartman Ivan Maroš,Objekti u domaćinstvu,,Starčevićeva,64,,Žrnovnica,Split,43.521473,16.539616,10,,Ivan Maroš,,,Turistička zajednica grada Split,Starčevićeva 64,Soba i Apartman Ivan Maroš,Objekti u domaćinstvu,2026-05-16T11:59:07+00:00
b75618fc-7ace-5a75-8e4e-622405bc7576,croatia_hr,tot,https://accommodation.croatia.hr/hr-hr/apartmani/split/tot/,TOT,Objekti u domaćinstvu,,Bana Berislavića,6A,,,Split,,,6,,Selma Tot,,,Turistička zajednica grada Split,Bana Berislavića 6A,TOT,Objekti u domaćinstvu,2026-05-16T11:59:07+00:00
ab1701c2-c4fd-5b97-a311-b775096825a8,croatia_hr,vista-dalmare,https://accommodation.croatia.hr/hr-hr/apartmani/split/vista-dalmare/,Vista Dalmare,Apartman,,Obala kneza Branimira,10,,,Split,43.504711,16.429547,2,,Vista Dal Mare d.o.o.,,,Turistička zajednica grada Split,Obala kneza Branimira 10,Vista Dalmare,Apartman,2026-05-16T11:59:07+00:00
cf83af60-2118-5b07-93ad-1b9b8b4e46ba,croatia_hr,vista-del-mare,https://accommodation.croatia.hr/hr-hr/apartmani/split/vista-del-mare/,Vista Del Mare,Apartman,,Obala kneza Branimira,10,,,Split,43.504711,16.429547,4,,Vista Dal Mare d.o.o.,,,Turistička zajednica grada Split,Obala kneza Branimira 10,Vista Del Mare,Apartman,2026-05-16T11:59:07+00:00
3b48f2ab-f7dc-5504-9663-a2582c05bc0e,croatia_hr,apartman-luxuria,https://accommodation.croatia.hr/hr-hr/apartmani/split/apartman-luxuria/,Apartman Luxuria,Objekti u domaćinstvu,,Antuna Mihanovića,46,,,Split,43.505939,16.417532,4,,Mirela Šundov,,,Turistička zajednica grada Split,Antuna Mihanovića 46,"""Apartman Luxuria""",Objekti u domaćinstvu,2026-05-16T11:59:07+00:00
8c0f2203-328e-55ba-9a5b-265e56e9cce1,croatia_hr,apartman-naja,https://accommodation.croatia.hr/hr-hr/apartmani/split/apartman-naja/,Apartman Naja,Objekti u domaćinstvu,,Matoševa,10,,,Split,43.513135,16.433248,2,,Naja Šipić,,,Turistička zajednica grada Split,Matoševa 10,"""Apartman Naja""",Objekti u domaćinstvu,2026-05-16T11:59:07+00:00
3e9d245a-48d4-5d54-9417-5ed45963afe2,croatia_hr,lala,https://accommodation.croatia.hr/hr-hr/apartmani/split/lala/,Lala,Objekti u domaćinstvu,,Branimirova obala,3,,,Split,43.506282,16.431705,2,,Valerija Škalic,,,Turistička zajednica grada Split,Branimirova obala 3,"""Lala""",Objekti u domaćinstvu,2026-05-16T11:59:07+00:00
bcebfce5-f625-5a0d-b0cd-c4b93428c3a7,croatia_hr,luxe-residence,https://accommodation.croatia.hr/hr-hr/apartmani/split/luxe-residence/,Luxe Residence,Objekti u domaćinstvu,,Trg Mihovila Pavlinovića,7,,,Split,43.504083,16.444858,4,,Ivona Parčina,,,Turistička zajednica grada Split,Trg Mihovila Pavlinovića 7,"""Luxe Residence""",Objekti u domaćinstvu,2026-05-16T11:59:07+00:00
a3b25971-51b2-53ee-82cd-bb4acc5615df,croatia_hr,split-dreams,https://accommodation.croatia.hr/hr-hr/apartmani/split/split-dreams/,Split Dreams,Objekti u domaćinstvu,,Starčevićeva,5,,,Split,43.513572,16.437714,6,,Nediljka Škaričić,,,Turistička zajednica grada Split,Starčevićeva 5,"""Split Dreams""",Objekti u domaćinstvu,2026-05-16T11:59:07+00:00
f711ea08-2b7d-5c1d-a56a-4b4a8b3a8845,croatia_hr,2-studio-apartmana-suzana-cikotic,https://accommodation.croatia.hr/hr-hr/apartmani/split/2-studio-apartmana-suzana-cikotic/,2 Studio Apartmana Suzana Čikotić,Objekti u domaćinstvu,,Rodrigina,4,,,Split,43.50928,16.439877,4,,Suzana Čikotić,,,Turistička zajednica grada Split,Rodrigina 4,2 Studio Apartmana Suzana Čikotić,Objekti u domaćinstvu,2026-05-16T11:59:07+00:00
ef9da895-8a9f-55c7-9514-4ae3a5b469e8,croatia_hr,a,https://accommodation.croatia.hr/hr-hr/apartmani/split/a/,A,Objekti u domaćinstvu,,Kvaternikova,2,,,Split,43.510392,16.448393,2,,Ana Bilić Spremić,,,Turistička zajednica grada Split,Kvaternikova 2,A,Objekti u domaćinstvu,2026-05-16T11:59:07+00:00
933db278-bd5e-5d42-9f36-930e311b6461,croatia_hr,a4-studio-app,https://accommodation.croatia.hr/hr-hr/apartmani/split/a4-studio-app/,A4 - studio app,Studio apartman,,Držićeva,8,,,Split,43.510193,16.445386,3,,Roterm d.o.o,,,Turistička zajednica grada Split,Držićeva 8,A4 - studio app,Studio apartman,2026-05-16T11:59:07+00:00
2f212be1-2259-56d9-9ac1-f6e630ddc294,croatia_hr,abeona-slatine,https://accommodation.croatia.hr/hr-hr/apartmani/split/abeona-slatine/,Abeona Slatine,Objekti u domaćinstvu,,Staraci,16,,Slatine,Split,43.491982,16.349689,8,,Tamara Matić,,,Turistička zajednica grada Split,Staraci 16,Abeona Slatine,Objekti u domaćinstvu,2026-05-16T11:59:07+00:00
4e0b77d8-6432-571c-81dc-c1ccde9cf182,croatia_hr,abode,https://accommodation.croatia.hr/hr-hr/apartmani/split/abode/,ABODE,Studio apartman,,Iza Lože,4,,,Split,43.509301,16.43917,2,,ABODE,,,Turistička zajednica grada Split,Iza Lože 4,ABODE,Studio apartman,2026-05-16T11:59:07+00:00
baa8489a-ab93-579d-9b42-f993228dd19a,croatia_hr,acorn-apartment,https://accommodation.croatia.hr/hr-hr/apartmani/split/acorn-apartment/,ACORN APARTMENT,Apartman,,Table,1,,,Split,43.516548,16.435496,2,,"""CRO-BIT"" d.o.o.",,,Turistička zajednica grada Split,Table 1,ACORN APARTMENT,Apartman,2026-05-16T11:59:07+00:00
109fa964-6bb6-5776-b822-36c687254352,croatia_hr,acacia,https://accommodation.croatia.hr/hr-hr/apartmani/split/acacia/,Acacia,Objekti u domaćinstvu,,Vukovarska,24,,,Split,43.511667,16.445838,6,,Slobodan Gizdić,,,Turistička zajednica grada Split,Vukovarska 24,Acacia,Objekti u domaćinstvu,2026-05-16T11:59:07+00:00
1a60fc84-d6e0-5780-8522-4bc3144e4b01,croatia_hr,adela-app1,https://accommodation.croatia.hr/hr-hr/apartmani/split/adela-app1/,ADELA App1,Objekti u domaćinstvu,,Put Žnjana,8,,,Split,43.503517,16.47984,2,,Juraj Ćurković,,,Turistička zajednica grada Split,Put Žnjana 8,ADELA App1,Objekti u domaćinstvu,2026-05-16T11:59:07+00:00
3f13bdbc-4eee-516d-8e51-75fb370eaf82,croatia_hr,adam-3,https://accommodation.croatia.hr/hr-hr/apartmani/split/adam-3/,Adam,Objekti u domaćinstvu,,Josipova,12,,,Split,43.507648,16.5230082,4,,Nada Domljanović,,,Turistička zajednica grada Split,Josipova 12,Adam,Objekti u domaćinstvu,2026-05-16T11:59:07+00:00
a3ede585-b007-5f5a-815a-98c01b1f0887,croatia_hr,adriatik-lux-riva,https://accommodation.croatia.hr/hr-hr/apartmani/split/adriatik-lux-riva/,ADRIATIK LUX RIVA,Apartman,,Trumbićeva obala,5,,,Split,43.507995,16.434531,4,,Adriatic Lux Residences,,,Turistička zajednica grada Split,Trumbićeva obala 5,ADRIATIK LUX RIVA,Apartman,2026-05-16T11:59:07+00:00
ad72dab3-0149-5d0d-9785-68d8cbb4d5d7,croatia_hr,adriatik-lux-teatro-1,https://accommodation.croatia.hr/hr-hr/apartmani/split/adriatik-lux-teatro-1/,ADRIATIK LUX TEATRO 1,Studio apartman,,Teutina,3,,,Split,43.510803,16.437013,2,,Adriatic Lux Residences,,,Turistička zajednica grada Split,Teutina 3,ADRIATIK LUX TEATRO 1,Studio apartman,2026-05-16T11:59:07+00:00
dc0fed19-3851-558e-ad42-52aab56d9764,croatia_hr,akvarel,https://accommodation.croatia.hr/hr-hr/apartmani/split/akvarel/,AKVAREL,Objekti u domaćinstvu,,Palmotićeva,6,,,Split,43.50602,16.449421,4,,Sandra Radovniković,,,Turistička zajednica grada Split,Palmotićeva 6,AKVAREL,Objekti u domaćinstvu,2026-05-16T11:59:07+00:00
6b3f54d0-3591-52fc-89d0-cede7fb9632a,croatia_hr,alba-residenza-apartman,https://accommodation.croatia.hr/hr-hr/apartmani/split/alba-residenza-apartman/,ALBA RESIDENZA apartman,Apartman,,Hektorovićeva,21,,,Split,43.502073,16.452712,2,,PRIMUM OMNIUM d.o.o.,,,Turistička zajednica grada Split,Hektorovićeva 21,ALBA RESIDENZA apartman,Apartman,2026-05-16T11:59:07+00:00
fe34f390-ebe1-568e-83f5-bf4331c65477,croatia_hr,aleksandar-nimac,https://accommodation.croatia.hr/hr-hr/apartmani/split/aleksandar-nimac/,Aleksandar Nimac,Objekti u domaćinstvu,,Sinovčića,5,,,Split,43.509116,16.435054,6,,Aleksandar Nimac,,,Turistička zajednica grada Split,Sinovčića 5,Aleksandar Nimac,Objekti u domaćinstvu,2026-05-16T11:59:07+00:00
03da5fe8-f5d2-549e-b5e9-444069b01f3d,croatia_hr,alessandro-petralia,https://accommodation.croatia.hr/hr-hr/apartmani/split/alessandro-petralia/,Alessandro Petralia,Objekti u domaćinstvu,,Kraj sv. Nikole,15,,,Split,43.509245,16.434484,4,,Alessandro Petralia,,,Turistička zajednica grada Split,Kraj sv. Nikole 15,Alessandro Petralia,Objekti u domaćinstvu,2026-05-16T11:59:07+00:00
10060fe1-10a0-5b5a-a28b-ebeb4a83486f,croatia_hr,alos-center-apartments,https://accommodation.croatia.hr/hr-hr/apartmani/split/alos-center-apartments/,ALOS CENTER APARTMENTS,Studio apartman,,Ban Mladenova,4,,,Split,43.508948,16.435539,7,,ALOS d.o.o.,,,Turistička zajednica grada Split,Ban Mladenova 4,ALOS CENTER APARTMENTS,Studio apartman,2026-05-16T11:59:07+00:00
6ec2d3fd-b236-5003-b861-5646385cfc54,croatia_hr,amadeo,https://accommodation.croatia.hr/hr-hr/apartmani/split/amadeo/,AMADEO,Studio apartman,,Roosweltova,52,,,Split,43.50227,16.456511,3,,IVIJA PROM d.o.o.,,,Turistička zajednica grada Split,Roosweltova 52,AMADEO,Studio apartman,2026-05-16T11:59:07+00:00
512e5265-8792-5da8-9b0a-297a7a0b1733,croatia_hr,ameli-slade,https://accommodation.croatia.hr/hr-hr/apartmani/split/ameli-slade/,Ameli Slade,Objekti u domaćinstvu,,Ante Petravića,33,,,Split,43.526188,16.466527,2,,Ameli Slade,,,Turistička zajednica grada Split,Ante Petravića 33,Ameli Slade,Objekti u domaćinstvu,2026-05-16T11:59:07+00:00
941604f3-df1c-52f0-9fe3-f1382d0caea0,croatia_hr,ana-19,https://accommodation.croatia.hr/hr-hr/apartmani/split/ana-19/,ANA,Objekti u domaćinstvu,,Plinarska,21,,,Split,43.511077,16.435401,2,,Sanja Ordulj Stapić,,,Turistička zajednica grada Split,Plinarska 21,ANA,Objekti u domaćinstvu,2026-05-16T11:59:07+00:00
8e358037-0409-5377-a1d8-9e4c93e672ec,croatia_hr,ana-21,https://accommodation.croatia.hr/hr-hr/apartmani/split/ana-21/,ANA,Objekti u domaćinstvu,,Poljana Tina Ujevića,2,,,Split,43.51097,16.436397,2,,Ana Radan,,,Turistička zajednica grada Split,Poljana Tina Ujevića 2,ANA,Objekti u domaćinstvu,2026-05-16T11:59:07+00:00
7466d863-4166-53c0-8b41-e7e8aee58ef7,croatia_hr,ana-ivanovic,https://accommodation.croatia.hr/hr-hr/apartmani/split/ana-ivanovic/,ANA IVANOVIĆ,Objekti u domaćinstvu,,Put Žnjana,18D,,,Split,43.503186,16.484109,2,,ANA IVANOVIĆ,,,Turistička zajednica grada Split,PUT ŽNJANA 18D,ANA IVANOVIĆ,Objekti u domaćinstvu,2026-05-16T11:59:07+00:00
a1aa671d-6902-5177-89b7-04a87def302f,croatia_hr,ana-cepic,https://accommodation.croatia.hr/hr-hr/apartmani/split/ana-cepic/,Ana Čepić,Objekti u domaćinstvu,,Biskupa Jurja Dobrile,17,,,Split,43.508186,16.438787,2,,Ana Čepić,,,Turistička zajednica grada Split,Biskupa Jurja Dobrile 17,Ana Čepić,Objekti u domaćinstvu,2026-05-16T11:59:07+00:00
9d27bb3f-a4ef-5ddc-906a-99b7e78e1f17,croatia_hr,ana-jelaca,https://accommodation.croatia.hr/hr-hr/apartmani/split/ana-jelaca/,Ana Jelača,Objekti u domaćinstvu,,Templarska,31,,,Split,43.508186,16.438787,4,,Ana Jelača,,,Turistička zajednica grada Split,Templarska 31,Ana Jelača,Objekti u domaćinstvu,2026-05-16T11:59:07+00:00
1bc99a48-f591-5e41-9316-139c515b4dbd,croatia_hr,ana-kastelan,https://accommodation.croatia.hr/hr-hr/apartmani/split/ana-kastelan/,Ana Kaštelan,Objekti u domaćinstvu,,Put Žnjana,35,,,Split,43.504513,16.492166,2,,Ana Kaštelan,,,Turistička zajednica grada Split,Put Žnjana 35,Ana Kaštelan,Objekti u domaćinstvu,2026-05-16T11:59:07+00:00
126e0b59-e226-5cbc-bf22-00d1d5daf2fd,croatia_hr,ana-ostojic,https://accommodation.croatia.hr/hr-hr/apartmani/split/ana-ostojic/,Ana Ostojić,Objekti u domaćinstvu,,Marasovića,35,,,Split,43.506607,16.429755,2,,Ana Ostojić,,,Turistička zajednica grada Split,Marasovića 35,Ana Ostojić,Objekti u domaćinstvu,2026-05-16T11:59:07+00:00
a3c2ce52-ec11-5bea-b0f3-790c6e2ebd12,croatia_hr,ana-politeo,https://accommodation.croatia.hr/hr-hr/apartmani/split/ana-politeo/,Ana Politeo,Objekti u domaćinstvu,,Mosorska,3,,,Split,43.507107,16.445977,2,,Ana Politeo,,,Turistička zajednica grada Split,Mosorska 3,Ana Politeo,Objekti u domaćinstvu,2026-05-16T11:59:07+00:00
b649b01c-5749-5dc6-acdd-f30d7dbccb4c,croatia_hr,ana-radas,https://accommodation.croatia.hr/hr-hr/apartmani/split/ana-radas/,Ana Radas,Objekti u domaćinstvu,,Rooseweltova,44,,,Split,43.502335,16.454657,5,,Ana Radas,,,Turistička zajednica grada Split,Rooseweltova 44,Ana Radas,Objekti u domaćinstvu,2026-05-16T11:59:07+00:00
ac87cd96-8fc6-53b7-a54e-892bbb6a35ea,croatia_hr,anda-duran,https://accommodation.croatia.hr/hr-hr/apartmani/split/anda-duran/,Anđa Đuran,Objekti u domaćinstvu,,Tolstojeva,28,,,Split,43.512165,16.44508,4,,Anđa Đuran,,,Turistička zajednica grada Split,TOLSTOJEVA 28,Anđa Đuran,Objekti u domaćinstvu,2026-05-16T11:59:07+00:00
36a5b20d-227f-5be7-85ee-7e70cc4d698b,croatia_hr,andelka-damjanovic,https://accommodation.croatia.hr/hr-hr/apartmani/split/andelka-damjanovic/,Anđelka Damjanović,Objekti u domaćinstvu,,Stobrečka,10,,,Split,43.507858,16.503304,2,,Anđelka Damjanović,,,Turistička zajednica grada Split,Stobrečka 10 A,Anđelka Damjanović,Objekti u domaćinstvu,2026-05-16T11:59:07+00:00
3b2b4740-11d2-54c3-b5f2-47d4e76406b4,croatia_hr,andelko-nasic,https://accommodation.croatia.hr/hr-hr/apartmani/split/andelko-nasic/,ANĐELKO NASIĆ,Objekti u domaćinstvu,,Poljička,20A,,,Split,43.504776,16.455785,3,,ANĐELKO NASIĆ,,,Turistička zajednica grada Split,POLJIČKA 20A,ANĐELKO NASIĆ,Objekti u domaćinstvu,2026-05-16T11:59:07+00:00
d4eae9d4-c16f-5328-8666-af188d61e3df,croatia_hr,andelko-sisko,https://accommodation.croatia.hr/hr-hr/apartmani/split/andelko-sisko/,ANĐELKO ŠIŠKO,Objekti u domaćinstvu,,Svačićeva,7,,,Split,43.512874,16.437651,4,,ANĐELKO ŠIŠKO,,,Turistička zajednica grada Split,SVAČIĆEVA 7,ANĐELKO ŠIŠKO,Objekti u domaćinstvu,2026-05-16T11:59:07+00:00
195638fc-1e0a-5942-ad8a-567856b8646c,croatia_hr,andelo-zeravica,https://accommodation.croatia.hr/hr-hr/apartmani/split/andelo-zeravica/,ANĐELO ŽERAVICA,Objekti u domaćinstvu,,Bajamontijeva,2,,,Split,43.508684,16.439592,2,,ANĐELO ŽERAVICA,,,Turistička zajednica grada Split,BAJAMONTIJEVA 2,ANĐELO ŽERAVICA,Objekti u domaćinstvu,2026-05-16T11:59:07+00:00
e7e33dc1-6ba0-5599-ac73-716446bba8c1,croatia_hr,andrija-anticic,https://accommodation.croatia.hr/hr-hr/apartmani/split/andrija-anticic/,Andrija Antičić,Objekti u domaćinstvu,,Vukovarska,18,,,Split,43.511916,16.445163,4,,Andrija Antičić,,,Turistička zajednica grada Split,Vukovarska 18,Andrija Antičić,Objekti u domaćinstvu,2026-05-16T11:59:07+00:00
2568d6cc-4126-5ec4-80f1-1f2cda60b4c5,croatia_hr,andrijana-3,https://accommodation.croatia.hr/hr-hr/apartmani/split/andrijana-3/,ANDRIJANA 3,Objekti u domaćinstvu,,Dumanića,4,,,Split,43.506778,16.445553,2,,MARIN DUMANIĆ,,,Turistička zajednica grada Split,Dumanića 4,ANDRIJANA 3,Objekti u domaćinstvu,2026-05-16T11:59:07+00:00
5e5ec050-cf03-554b-92ba-0c96d0ba2477,croatia_hr,andrijana-sucic,https://accommodation.croatia.hr/hr-hr/apartmani/split/andrijana-sucic/,Andrijana Sučić,Objekti u domaćinstvu,,Manuška poljana,2,,,Split,43.510871,16.441552,2,,Andrijana Sučić,,,Turistička zajednica grada Split,Manuška poljana 2,Andrijana Sučić,Objekti u domaćinstvu,2026-05-16T11:59:07+00:00
71181e40-2922-5d2b-adf0-fe5c704641fe,croatia_hr,anita-ceko,https://accommodation.croatia.hr/hr-hr/apartmani/split/anita-ceko/,Anita Čeko,Objekti u domaćinstvu,,Gospe od Mira,19,,Stobreč,Split,43.503641,16.516777,3,,Anita Čeko,,,Turistička zajednica grada Split,Gospe od Mira 19,Anita Čeko,Objekti u domaćinstvu,2026-05-16T11:59:07+00:00
af23fdc9-334a-5d54-9d6d-22ef3edcf6b3,croatia_hr,anita-luksic-nimac,https://accommodation.croatia.hr/hr-hr/apartmani/split/anita-luksic-nimac/,Anita Lukšić Nimac,Objekti u domaćinstvu,,Sinovčića,5,,,Split,43.509116,16.435054,2,,Anita Lukšić Nimac,,,Turistička zajednica grada Split,Sinovčića 5,Anita Lukšić Nimac,Objekti u domaćinstvu,2026-05-16T11:59:07+00:00
b8fdea42-18a4-5173-9f9b-d4f079baad73,croatia_hr,anita-poljak,https://accommodation.croatia.hr/hr-hr/apartmani/split/anita-poljak/,ANITA POLJAK,Objekti u domaćinstvu,,Domaldova,11,,,Split,43.509764,16.438131,2,,ANITA POLJAK,,,Turistička zajednica grada Split,Domaldova 11,ANITA POLJAK,Objekti u domaćinstvu,2026-05-16T11:59:07+00:00
0f135bc5-0f76-5339-881e-330166e8b02e,croatia_hr,anita-steko,https://accommodation.croatia.hr/hr-hr/apartmani/split/anita-steko/,Anita Šteko,Objekti u domaćinstvu,,Nepotova,8,,,Split,43.508759,16.441317,4,,Anita Šteko,,,Turistička zajednica grada Split,Nepotova 8,Anita Šteko,Objekti u domaćinstvu,2026-05-16T11:59:07+00:00
e22c92a1-a9b3-5c0b-82d4-2344d696ce91,croatia_hr,ankica-muslim,https://accommodation.croatia.hr/hr-hr/apartmani/split/ankica-muslim/,Ankica Muslim,Objekti u domaćinstvu,,Imotska,62,,,Split,43.523366,16.473506,4,,Ankica Muslim,,,Turistička zajednica grada Split,Imotska 62,Ankica Muslim,Objekti u domaćinstvu,2026-05-16T11:59:07+00:00
09f74225-e738-5549-9092-53cc85e83d12,croatia_hr,ankora-2,https://accommodation.croatia.hr/hr-hr/apartmani/split/ankora-2/,ANKORA,Apartman,,Ban Mladenova,1,,,Split,43.508687,16.434683,2,,LEONE 2009 d.o.o.,,,Turistička zajednica grada Split,Ban Mladenova 1,ANKORA,Apartman,2026-05-16T11:59:07+00:00
988be489-6a8a-51f9-a59c-6dba1d4ddc62,croatia_hr,ante-betin,https://accommodation.croatia.hr/hr-hr/apartmani/split/ante-betin/,Ante Betin,Objekti u domaćinstvu,,Gaminica,11A,,Žrnovnica,Split,43.52009,16.538514,2,,Ante Betin,,,Turistička zajednica grada Split,Gaminica 11/A,Ante Betin,Objekti u domaćinstvu,2026-05-16T11:59:07+00:00
4ff60a53-eda3-58cf-bb0a-4ca97fda9420,croatia_hr,ante-skoro,https://accommodation.croatia.hr/hr-hr/apartmani/split/ante-skoro/,ANTE ŠKORO,Objekti u domaćinstvu,,Prilaz Vladimira Nazora,39,,,Split,43.512787,16.432122,4,,ANTE ŠKORO,,,Turistička zajednica grada Split,Prilaz Vladimira Nazora 39,ANTE ŠKORO,Objekti u domaćinstvu,2026-05-16T11:59:07+00:00
60ffb9a9-f520-5ccf-ae24-1d8e5c9982f5,croatia_hr,ante-tomasovic,https://accommodation.croatia.hr/hr-hr/apartmani/split/ante-tomasovic/,Ante Tomasović,Objekti u domaćinstvu,,Borčićeva,1,,,Split,43.509356,16.43416,2,,Ante Tomasović,,,Turistička zajednica grada Split,Borčićeva 1,Ante Tomasović,Objekti u domaćinstvu,2026-05-16T11:59:07+00:00
1d021781-db71-570b-8f55-f926b71ae6e9,croatia_hr,ante-ercegovic-2,https://accommodation.croatia.hr/hr-hr/apartmani/split/ante-ercegovic-2/,Ante Ercegović,Objekti u domaćinstvu,,Klarina,18,,,Split,43.503702,16.446274,4,,Ante Ercegović,,,Turistička zajednica grada Split,KLARINA 18,Ante Ercegović,Objekti u domaćinstvu,2026-05-16T11:59:07+00:00
559238d5-2a3c-59d6-8a81-552e19ddb20d,croatia_hr,antonio-radan,https://accommodation.croatia.hr/hr-hr/apartmani/split/antonio-radan/,ANTONIO RADAN,Objekti u domaćinstvu,,Tolstojeva,20,,,Split,43.511075,16.444442,4,,ANTONIO RADAN,,,Turistička zajednica grada Split,TOLSTOJEVA 20,ANTONIO RADAN,Objekti u domaćinstvu,2026-05-16T11:59:07+00:00
2cca77d2-f6e8-5d42-8e4e-3fa3fdb01691,croatia_hr,ap-1-7,https://accommodation.croatia.hr/hr-hr/apartmani/split/ap-1-7/,Ap. 1,Objekti u domaćinstvu,,Bana Jelačića,187,,Slatine,Split,43.507645,16.31923,4,,Nataša Kljaković-Gašpić,,,Turistička zajednica grada Split,Bana Jelačića 187,Ap. 1,Objekti u domaćinstvu,2026-05-16T11:59:07+00:00
395ba963-0ec5-58d0-ac62-cb1d189e850d,croatia_hr,ap-2-3,https://accommodation.croatia.hr/hr-hr/apartmani/split/ap-2-3/,Ap. 2,Objekti u domaćinstvu,,Bana Jelačića,187,,Slatine,Split,43.507645,16.31923,4,,Nataša Kljaković-Gašpić,,,Turistička zajednica grada Split,BANA JELAČIĆA 187,Ap. 2,Objekti u domaćinstvu,2026-05-16T11:59:07+00:00
0667b5ae-e2b0-5a97-902c-c97a521c11f6,croatia_hr,apartman-179,https://accommodation.croatia.hr/hr-hr/apartmani/split/apartman-179/,Apartman,Objekti u domaćinstvu,,Klaićeva poljana,1,,,Split,43.510083,16.438519,2,,Marko Marin,,,Turistička zajednica grada Split,Klaićeva poljana 1,Apartman,Objekti u domaćinstvu,2026-05-16T11:59:07+00:00
67895200-b57f-524e-912e-55001924d96d,croatia_hr,apartman-199,https://accommodation.croatia.hr/hr-hr/apartmani/split/apartman-199/,Apartman,Objekti u domaćinstvu,,Držićeva,15,,,Split,43.509907,16.444674,2,,Tonći Pavičić Kliškić,,,Turistička zajednica grada Split,Držićeva 15,Apartman,Objekti u domaćinstvu,2026-05-16T11:59:07+00:00
c47ffdb7-d15d-5f9f-9e62-d6104af4fa14,croatia_hr,apartman-203,https://accommodation.croatia.hr/hr-hr/apartmani/split/apartman-203/,Apartman,Objekti u domaćinstvu,,Mažuranićevo šetalište,73,,,Split,43.513642,16.452197,2,,Antonio Božić Kudrić,,,Turistička zajednica grada Split,Mažuranićevo šetalište 73,Apartman,Objekti u domaćinstvu,2026-05-16T11:59:07+00:00
18cfbe2d-e848-550b-bbd9-35100726ae67,croatia_hr,apartman-282,https://accommodation.croatia.hr/hr-hr/apartmani/split/apartman-282/,Apartman,Objekti u domaćinstvu,,Put Žnjana,14E,,,Split,43.503122,16.482972,5,,Petra Kuzmanić,,,Turistička zajednica grada Split,Put Žnjana 14E,Apartman,Objekti u domaćinstvu,2026-05-16T11:59:07+00:00
5a0f47b0-bdea-571c-b0d3-6f948349206a,eturizam,1447236,,1,Apartman,4,Kneza Višeslava,20,21000,,Split,,,6,,BOŽIKOVIĆ COMPANY j.d.o.o.,30496800748,,Turistička zajednica grada Split,"Split, Kneza Višeslava 20, 21000 SPLIT",1,Ostali objekti za smještaj koji se kategoriziraju/Apartman,2026-05-16T11:59:07+00:00
954d4b0e-7e3c-5c6c-a7fb-87cc807230f5,eturizam,1446749,,1,Apartman,2,Put Radoševca,38,21000,,Split,,,4,,"Z-LUX, zajednički obrt za ugostiteljstvo, vl. Vinko Zorić i Tanja Sinovčić Zorić, Split, Put Radoševca 38",,99212803,Turistička zajednica grada Split,"Split, Put Radoševca 38, 21000 SPLIT",1,Ostali objekti za smještaj koji se kategoriziraju/Apartman,2026-05-16T11:59:07+00:00
cfa0b74d-2160-5856-93e1-c78535ebbf53,eturizam,1442793,,1,Apartman,4,Begovićeva,12,21000,,Split,,,3,2,ELAMIO d.o.o.,15127273216,,Turistička zajednica grada Split,"Split, Begovićeva 12, 21000 SPLIT",1,Ostali objekti za smještaj koji se kategoriziraju/Apartman,2026-05-16T11:59:07+00:00
1ea23398-6a29-53d1-af1c-53fe457a3332,eturizam,1441783,,1,Apartman,3,Trumbićeva obala,16,21000,,Split,,,4,2,"NONO BAN, d.o.o.",15194062082,,Turistička zajednica grada Split,"Split, Trumbićeva obala 16, 21000 SPLIT",1,Ostali objekti za smještaj koji se kategoriziraju/Apartman,2026-05-16T11:59:07+00:00
37977670-a366-54e9-be87-fcbab79474bf,eturizam,1426923,,ROYAL VIEW,Apartman,4,Put Žnjana,18D,21000,,Split,,,2,2,GUDELJ CONSULTING d.o.o.,13486089018,,Turistička zajednica grada Split,"Split, Put Žnjana 18D, 21000 SPLIT",ROYAL VIEW,Ostali objekti za smještaj koji se kategoriziraju/Apartman,2026-05-16T11:59:07+00:00
8514950a-bea2-50ae-b047-77d8522b1ea4,eturizam,1417787,,7,Apartman,3,Ulica 141. brigade hrvatske vojske,17,21000,,Split,,,2,2,URBAN NOOK d.o.o.,03651027690,,Turistička zajednica grada Split,"Split, Ulica 141. brigade hrvatske vojske 17, 21000 SPLIT",7,Ostali objekti za smještaj koji se kategoriziraju/Apartman,2026-05-16T11:59:07+00:00
821848f1-2c12-5514-b3c4-6d3b1b198034,eturizam,1417785,,5,Apartman,3,Ulica 141. brigade hrvatske vojske,17,21000,,Split,,,2,2,URBAN NOOK d.o.o.,03651027690,,Turistička zajednica grada Split,"Split, Ulica 141. brigade hrvatske vojske 17, 21000 SPLIT",5,Ostali objekti za smještaj koji se kategoriziraju/Apartman,2026-05-16T11:59:07+00:00
04faea29-e4ea-56de-8370-99f7e03310a3,eturizam,1417784,,4,Apartman,3,Ulica 141. brigade hrvatske vojske,17,21000,,Split,,,2,2,URBAN NOOK d.o.o.,03651027690,,Turistička zajednica grada Split,"Split, Ulica 141. brigade hrvatske vojske 17, 21000 SPLIT",4,Ostali objekti za smještaj koji se kategoriziraju/Apartman,2026-05-16T11:59:07+00:00
e61f161f-6b36-54c6-bb62-ef4f0d2c46ca,eturizam,1417783,,3,Apartman,3,Ulica 141. brigade hrvatske vojske,17,21000,,Split,,,2,2,URBAN NOOK d.o.o.,03651027690,,Turistička zajednica grada Split,"Split, Ulica 141. brigade hrvatske vojske 17, 21000 SPLIT",3,Ostali objekti za smještaj koji se kategoriziraju/Apartman,2026-05-16T11:59:07+00:00
287bf74d-2364-55c0-ac5a-c545081a7110,eturizam,1417776,,2,Apartman,3,Ulica 141. brigade hrvatske vojske,17,21000,,Split,,,2,2,URBAN NOOK d.o.o.,03651027690,,Turistička zajednica grada Split,"Split, Ulica 141. brigade hrvatske vojske 17, 21000 SPLIT",2,Ostali objekti za smještaj koji se kategoriziraju/Apartman,2026-05-16T11:59:07+00:00
0daf77ea-acd4-5ecd-8e8d-e1f662491208,eturizam,1376360,,broj 1,Apartman,3,Kninska,1,21000,,Split,,,6,,J.A.G. DOMUS d.o.o.,22839042784,,Turistička zajednica grada Split,"Split, Kninska 1, 21000 SPLIT",broj 1,Ostali objekti za smještaj koji se kategoriziraju/Apartman,2026-05-16T11:59:07+00:00
46d24ea2-7882-507f-be10-34f16881ee78,eturizam,1374160,,2,Apartman,4,Mandalinski put,17,21000,,Split,,,2,,ESEDRA d.o.o,26974044022,,Turistička zajednica grada Split,"Mandalinski put 17, 21000 SPLIT",2,Ostali objekti za smještaj koji se kategoriziraju/Apartman,2026-05-16T11:59:07+00:00
04782f61-36ef-5832-8014-389a3b2a7686,eturizam,1373913,,1,Apartman,5,Ulica 141. brigade hrvatske vojske,19,21000,,Split,,,2,2,SMART 2 GO d.o.o.,42131010642,,Turistička zajednica grada Split,"Ulica 141. brigade hrvatske vojske 19, 21000 SPLIT",1,Ostali objekti za smještaj koji se kategoriziraju/Apartman,2026-05-16T11:59:07+00:00
378b9cec-984f-5970-942a-aa4f2b61205c,eturizam,1371533,,PP2,Apartman,4,Stonska,7,21000,,Split,,,2,2,Bikić i Romić d.o.o.,99222147685,,Turistička zajednica grada Split,"Stonska 7, 21000 SPLIT",PP2,Ostali objekti za smještaj koji se kategoriziraju/Apartman,2026-05-16T11:59:07+00:00
d0d081c8-25f1-5e64-a85b-fa5a57bb2120,eturizam,1371481,,PP1,Apartman,2,Stonska,7,21000,,Split,,,2,1,Bikić i Romić d.o.o.,99222147685,,Turistička zajednica grada Split,"Stonska 7, 21000 SPLIT",PP1,Ostali objekti za smještaj koji se kategoriziraju/Apartman,2026-05-16T11:59:07+00:00
c30384fb-87e6-5492-ac6d-c645d58b80f7,eturizam,1366055,,1,Apartman,3,Velebitska,114,21000,,Split,,,6,2,"ZVIJEZDA MORA, obrt za turizam, vl. Renata Prižmić, Split, Velebitska 114",,98983865,Turistička zajednica grada Split,"Velebitska 114, 21000 SPLIT",1,Ostali objekti za smještaj koji se kategoriziraju/Apartman,2026-05-16T11:59:07+00:00
52ce9311-39ab-5064-9987-caf330c12241,eturizam,1364093,,APARTMAN S & A,Apartman,3,Dosud,4,21000,,Split,,,4,,"SAFE TRAVELS, obrt za prijevoz i usluge, vl. Branimir Jukić, Split, Dosud 4",,98895940,Turistička zajednica grada Split,"Dosud 4 APARTMAN S & A, 21000 SPLIT",APARTMAN S & A,Ostali objekti za smještaj koji se kategoriziraju/Apartman,2026-05-16T11:59:07+00:00
821c211c-6f83-5edd-9349-cc9e300cf0ee,eturizam,1363808,,MAKALA ACCOMODATION – broj 2,Apartman,3,Blaža Trogiranina,1A,21000,,Split,,,2,2,"MAKALA, obrt za ugostiteljstvo, vl. Maja Brkić, Split, Blaža Trogiranina 1A",,99038528,Turistička zajednica grada Split,"Blaža Trogiranina 1A MAKALA ACCOMODATION, 21000 SPLIT",broj 2,Ostali objekti za smještaj koji se kategoriziraju/Apartman,2026-05-16T11:59:07+00:00
8563b54d-c088-51a5-a3de-21d4d991ccd5,eturizam,1359456,,1.,Apartman,3,Hercegovačka,104,21000,,Split,,,4,,SOLIUM d.o.o.,83679431510,,Turistička zajednica grada Split,"Hercegovačka 104 c, 21000 SPLIT",1.,Ostali objekti za smještaj koji se kategoriziraju/Apartman,2026-05-16T11:59:07+00:00
7dd6bcd9-840e-5750-af5c-b80e72cbf11a,eturizam,1358881,,SEA CAVE BEST 4STAY 2,Apartman,3,Put Radoševca,52,21000,,Split,,,2,,BEST HOSPITALITY d.o.o.,54036508307,,Turistička zajednica grada Split,"Put Radoševca 52, 21000 SPLIT",SEA CAVE BEST 4STAY 2,Ostali objekti za smještaj koji se kategoriziraju/Apartman,2026-05-16T11:59:07+00:00
4342123a-6b91-5a66-aef0-05a2bd0d5247,eturizam,1355022,,12,Apartman,3,Put Radoševca,44,21000,,Split,,,3,,PERGAM d.o.o.,96543890216,,Turistička zajednica grada Split,"Put Radoševca 44, 21000 SPLIT",12,Ostali objekti za smještaj koji se kategoriziraju/Apartman,2026-05-16T11:59:07+00:00
71724912-3f36-5e93-9b2b-9ebeac93c21c,eturizam,1355021,,11,Apartman,3,Put Radoševca,44,21000,,Split,,,2,,PERGAM d.o.o.,96543890216,,Turistička zajednica grada Split,"Put Radoševca 44, 21000 SPLIT",11,Ostali objekti za smještaj koji se kategoriziraju/Apartman,2026-05-16T11:59:07+00:00
a74c4c1a-e6a9-541a-a898-f69cf709376e,eturizam,1355020,,10,Apartman,3,Put Radoševca,44,21000,,Split,,,4,,PERGAM d.o.o.,96543890216,,Turistička zajednica grada Split,"Put Radoševca 44, 21000 SPLIT",10,Ostali objekti za smještaj koji se kategoriziraju/Apartman,2026-05-16T11:59:07+00:00
1879d14f-66fd-5287-a347-82f6d7a1b42f,eturizam,1355019,,9,Apartman,3,Put Radoševca,44,21000,,Split,,,4,,PERGAM d.o.o.,96543890216,,Turistička zajednica grada Split,"Put Radoševca 44, 21000 SPLIT",9,Ostali objekti za smještaj koji se kategoriziraju/Apartman,2026-05-16T11:59:07+00:00
ac7069ae-d691-5ddb-bb78-6905f12c13de,eturizam,1355018,,8,Apartman,3,Put Radoševca,44,21000,,Split,,,4,,PERGAM d.o.o.,96543890216,,Turistička zajednica grada Split,"Put Radoševca 44, 21000 SPLIT",8,Ostali objekti za smještaj koji se kategoriziraju/Apartman,2026-05-16T11:59:07+00:00
06d59d77-30cc-541b-9677-d052e82fef59,eturizam,1355017,,7,Apartman,3,Put Radoševca,44,21000,,Split,,,4,,PERGAM d.o.o.,96543890216,,Turistička zajednica grada Split,"Put Radoševca 44, 21000 SPLIT",7,Ostali objekti za smještaj koji se kategoriziraju/Apartman,2026-05-16T11:59:07+00:00
6661895f-1c69-5b5d-a66e-a017546d18e4,eturizam,1355012,,6,Apartman,3,Put Radoševca,44,21000,,Split,,,4,,PERGAM d.o.o.,96543890216,,Turistička zajednica grada Split,"Put Radoševca 44, 21000 SPLIT",6,Ostali objekti za smještaj koji se kategoriziraju/Apartman,2026-05-16T11:59:07+00:00
a075fd38-3049-5acb-8568-23152005fe65,eturizam,1354518,,1,Apartman,3,Put Žnjana,12B,21000,,Split,,,2,2,"ALFA-ING, d.o.o.",56396926022,,Turistička zajednica grada Split,"Put Žnjana 12B, 21000 SPLIT",1,Ostali objekti za smještaj koji se kategoriziraju/Apartman,2026-05-16T11:59:07+00:00
f3f56b27-c7eb-57ca-84e8-381410247dd9,eturizam,1352931,,1,Apartman,4,Put Žnjana,22,21000,,Split,,,2,,GOLDEN PLACES d.o.o.,50676693638,,Turistička zajednica grada Split,"Put Žnjana 22, 21000 SPLIT",1,Ostali objekti za smještaj koji se kategoriziraju/Apartman,2026-05-16T11:59:07+00:00
240d3810-8545-5972-8c2a-ac096f675adf,eturizam,1338371,,HOUSE OLENTA – broj 2,Apartman,4,Radmilovića,4,21000,,Split,,,2,2,ACAVUS d.o.o.,37720185948,,Turistička zajednica grada Split,"Radmilovića 4 HOUSE OLENTA, 21000 SPLIT",broj 2,Ostali objekti za smještaj koji se kategoriziraju/Apartman,2026-05-16T11:59:07+00:00
5a2db5dc-c41a-5c2b-9db0-0fe6f959a176,eturizam,1338361,,HOUSE OLENTA – broj 3,Apartman,4,Radmilovića,4,21000,,Split,,,3,2,ACAVUS d.o.o.,37720185948,,Turistička zajednica grada Split,"Radmilovića 4 HOUSE OLENTA, 21000 SPLIT",broj 3,Ostali objekti za smještaj koji se kategoriziraju/Apartman,2026-05-16T11:59:07+00:00
7dda654d-7fa6-547e-b644-fb9e12afb9d0,eturizam,1338098,,1,Apartman,4,Stobrečka,24,21000,,Split,,,4,2,MONEO GROUP LIMITED d.o.o.,11605234763,,Turistička zajednica grada Split,"Stobrečka 24, 21000 SPLIT",1,Ostali objekti za smještaj koji se kategoriziraju/Apartman,2026-05-16T11:59:07+00:00
6f23aa3f-6e36-561f-ae10-e3cdaf272042,eturizam,1336161,,RIVA PENTHOUSE,Apartman,4,Obala hrv. preporoda,10,21000,,Split,,,6,,ACCOLADE PROPERTY d.o.o.,91000092478,,Turistička zajednica grada Split,"Obala hrv. preporoda 10, 21000 SPLIT",RIVA PENTHOUSE,Ostali objekti za smještaj koji se kategoriziraju/Apartman,2026-05-16T11:59:07+00:00
85f9d8c8-284a-5bd6-bc86-8cfc6c879587,eturizam,1331923,,4,Apartman,3,Penića,8,21000,,Split,,,2,,AWESOME STONE HOUSE d.o.o.,71559790521,,Turistička zajednica grada Split,"Penića 8, 21000 SPLIT",4,Ostali objekti za smještaj koji se kategoriziraju/Apartman,2026-05-16T11:59:07+00:00
16685c82-1cb4-5738-8093-afba6b60c2a5,eturizam,1330425,,13. KAT – MOODY DESIGNER APARTMAN,Apartman,3,D. Šimunovića,13,21000,,Split,,,2,1,"MOODY DESIGNER, obrt za usluge i ugostiteljstvo, vl. Andrea Gašpar, Split, Dinka Šimunovića 13",,98225316,Turistička zajednica grada Split,"D. Šimunovića 13 13. KAT, 21000 SPLIT",MOODY DESIGNER APARTMAN,Ostali objekti za smještaj koji se kategoriziraju/Apartman,2026-05-16T11:59:07+00:00
702f45c9-acb5-52dd-bafe-3c4340ea9546,eturizam,1327373,,ACORN APARTMENT,Apartman,4,Table,1,21000,,Split,,,2,2,CRO-BIT d.o.o.,88584481760,,Turistička zajednica grada Split,"Table 1, 21000 SPLIT",ACORN APARTMENT,Ostali objekti za smještaj koji se kategoriziraju/Apartman,2026-05-16T11:59:07+00:00
647ebaca-dc7d-56bd-a689-a50ec162a55c,eturizam,1325388,,1,Apartman,3,Hercegovačka,104C,21000,,Split,,,4,,SOLIUM d.o.o.,83679431510,,Turistička zajednica grada Split,"Hercegovačka 104c, 21000 SPLIT",1,Ostali objekti za smještaj koji se kategoriziraju/Apartman,2026-05-16T11:59:07+00:00
4fcb27fa-a4d0-5368-a5d7-0b576e86036c,eturizam,1323569,,1,Apartman,4,Kralja Zvonimira,91,21000,,Split,,,4,,"D INNOVATE, obrt za ugostiteljstvo, vl. Dea Lako, Split, Kralja Zvonimira 91",,98871501,Turistička zajednica grada Split,"Kralja Zvonimira 91, 21000 SPLIT",1,Ostali objekti za smještaj koji se kategoriziraju/Apartman,2026-05-16T11:59:07+00:00
f3b168e5-e329-572e-8473-5a956e3fdd8a,eturizam,1312340,,201,Apartman,5,Petrinjska,4,21000,,Split,,,4,,SAMSTAG d.o.o.,09693879092,,Turistička zajednica grada Split,"Petrinjska 4, 21000 SPLIT",201,Ostali objekti za smještaj koji se kategoriziraju/Apartman,2026-05-16T11:59:07+00:00
8f27b12c-4342-5312-b29e-1d2edb465c36,eturizam,1312272,,PIPI 4,Apartman,4,Trumbićeva obala 5 PIPI 4 I PIPI,5,21000,,Split,,,2,,APARTMENTS GRAŠO d.o.o.,71255911863,,Turistička zajednica grada Split,"Trumbićeva obala 5 PIPI 4 I PIPI 5, 21000 SPLIT",PIPI 4,Ostali objekti za smještaj koji se kategoriziraju/Apartman,2026-05-16T11:59:07+00:00
ee10a8b1-08b2-50e7-b9c1-046c2c50fc4d,eturizam,1312111,,VIZZIOS 1,Apartman,3,Kralja Zvonimira 35 VIZZIO S,1,21000,,Split,,,2,,VIZZIO´S j.d.o.o.,36186862364,,Turistička zajednica grada Split,"Kralja Zvonimira 35 VIZZIO S 1, 21000 SPLIT",VIZZIOS 1,Ostali objekti za smještaj koji se kategoriziraju/Apartman,2026-05-16T11:59:07+00:00
ebc04d2e-e42a-5878-a6db-c4154303bc36,eturizam,1312108,,CASA CANUCK – 2,Apartman,4,Vijugasta,71,21000,,Split,,,2,1,SRETNI DANI j.d.o.o.,15308488621,,Turistička zajednica grada Split,"Vijugasta 71 CASA CANUCK, 21000 SPLIT",2,Ostali objekti za smještaj koji se kategoriziraju/Apartman,2026-05-16T11:59:07+00:00
062db8f7-dc77-5288-9642-38d364f99e77,eturizam,1312107,,CASA CANUCK – 1,Apartman,4,Vijugasta,71,21000,,Split,,,2,1,SRETNI DANI j.d.o.o.,15308488621,,Turistička zajednica grada Split,"Vijugasta 71 CASA CANUCK, 21000 SPLIT",1,Ostali objekti za smještaj koji se kategoriziraju/Apartman,2026-05-16T11:59:07+00:00
af73371a-ab71-576d-84d2-08a33af8f1b3,eturizam,1312101,,BCADRIA BRILLIANT – 1,Apartman,4,Gundulićeva,30,21000,,Split,,,2,,CRO-BIT d.o.o.,88584481760,,Turistička zajednica grada Split,"Gundulićeva 30 BCADRIA BRILLIANT, 21000 SPLIT",1,Ostali objekti za smještaj koji se kategoriziraju/Apartman,2026-05-16T11:59:07+00:00
a34f1185-63bd-55e5-96a8-0492988447cd,eturizam,1312076,,APARTMANI ĆALETA – 2,Apartman,3,Kneza Višeslava,12,21000,,Split,,,2,,M.B.C.A. SOLUTIONES d.o.o.,34945743817,,Turistička zajednica grada Split,"Kneza Višeslava 12 APARTMANI ĆALETA, 21000 SPLIT",2,Ostali objekti za smještaj koji se kategoriziraju/Apartman,2026-05-16T11:59:07+00:00
c1f53b90-29df-5b05-abe8-9af9835ddd56,eturizam,1312075,,APARTMANI ĆALETA – 1,Apartman,3,Kneza Višeslava,12,21000,,Split,,,2,,M.B.C.A. SOLUTIONES d.o.o.,34945743817,,Turistička zajednica grada Split,"Kneza Višeslava 12 APARTMANI ĆALETA, 21000 SPLIT",1,Ostali objekti za smještaj koji se kategoriziraju/Apartman,2026-05-16T11:59:07+00:00
211d51a5-29f2-5209-b594-9d2911b4bd17,eturizam,1312057,,PERIMAR SPLIT CENTER – A2,Apartman,3,Držićeva,8,21000,,Split,,,2,2,ROTERM d.o.o.,79948849024,,Turistička zajednica grada Split,"Držićeva 8 PERIMAR SPLIT CENTER, 21000 SPLIT",A2,Ostali objekti za smještaj koji se kategoriziraju/Apartman,2026-05-16T11:59:07+00:00
0666b7d7-765f-5dbb-af4c-6f2cc11e8aed,eturizam,1312056,,PERIMAR SPLIT CENTER – A1,Apartman,3,Držićeva,8,21000,,Split,,,2,2,ROTERM d.o.o.,79948849024,,Turistička zajednica grada Split,"Držićeva 8 PERIMAR SPLIT CENTER, 21000 SPLIT",A1,Ostali objekti za smještaj koji se kategoriziraju/Apartman,2026-05-16T11:59:07+00:00
253c47c2-31c1-54e6-b1fd-eb5fc24f7c1e,eturizam,1311768,,ADRIATIC LUXURY,Apartman,4,Mihanovićeva,50,21000,,Split,,,4,2,AMOS KOLEKT d.o.o.,91757538220,,Turistička zajednica grada Split,"Mihanovićeva 50 B ADRIATIC LUXURY, 21000 SPLIT",ADRIATIC LUXURY,Ostali objekti za smještaj koji se kategoriziraju/Apartman,2026-05-16T11:59:07+00:00
38ebc1c1-5b5d-5828-945a-6665d8dc86ac,eturizam,1311712,,1,Apartman,4,Morpurgova poljana 1 KASTEL,1700,21000,,Split,,,2,,"Obrt za prijevoz, turizam i usluge KASTEL-1700, vl. Miro Ćaleta, Split, Mihovilova širina 5",,91958474,Turistička zajednica grada Split,"Morpurgova poljana 1 KASTEL 1700, 21000 SPLIT",1,Ostali objekti za smještaj koji se kategoriziraju/Apartman,2026-05-16T11:59:07+00:00
d1a2b528-007b-5970-800b-a474d3853f0a,eturizam,1311695,,EOL APARTMANI – 9,Apartman,5,Put Žnjana,4A,21000,,Split,,,4,,PELJEŠAC NEKRETNINE d.o.o.,67415693977,,Turistička zajednica grada Split,"Put Žnjana 4A EOL APARTMANI, 21000 SPLIT",9,Ostali objekti za smještaj koji se kategoriziraju/Apartman,2026-05-16T11:59:07+00:00
4c127166-e4f2-51fc-8c09-132795b3b2df,eturizam,1311694,,EOL APARTMANI – 8,Apartman,5,Put Žnjana,4A,21000,,Split,,,4,,PELJEŠAC NEKRETNINE d.o.o.,67415693977,,Turistička zajednica grada Split,"Put Žnjana 4A EOL APARTMANI, 21000 SPLIT",8,Ostali objekti za smještaj koji se kategoriziraju/Apartman,2026-05-16T11:59:07+00:00
95099058-bf99-5d28-b7c5-aaee455398f9,eturizam,1311693,,EOL APARTMANI – 7,Apartman,5,Put Žnjana,4A,21000,,Split,,,2,,PELJEŠAC NEKRETNINE d.o.o.,67415693977,,Turistička zajednica grada Split,"Put Žnjana 4A EOL APARTMANI, 21000 SPLIT",7,Ostali objekti za smještaj koji se kategoriziraju/Apartman,2026-05-16T11:59:07+00:00
04826b48-23b7-5009-a8cc-6bbfdee72ca7,eturizam,1311692,,EOL APARTMANI – 6,Apartman,5,Put Žnjana,4A,21000,,Split,,,4,,PELJEŠAC NEKRETNINE d.o.o.,67415693977,,Turistička zajednica grada Split,"Put Žnjana 4A EOL APARTMANI, 21000 SPLIT",6,Ostali objekti za smještaj koji se kategoriziraju/Apartman,2026-05-16T11:59:07+00:00
2798b8ae-809d-5514-bb56-ad5b2ab2d0d0,eturizam,1311691,,EOL APARTMANI – 5,Apartman,5,Put Žnjana,4A,21000,,Split,,,4,,PELJEŠAC NEKRETNINE d.o.o.,67415693977,,Turistička zajednica grada Split,"Put Žnjana 4A EOL APARTMANI, 21000 SPLIT",5,Ostali objekti za smještaj koji se kategoriziraju/Apartman,2026-05-16T11:59:07+00:00
44dd06c0-3fab-5563-9c23-eb9974d70fd2,eturizam,1311690,,EOL APARTMANI – 4,Apartman,5,Put Žnjana,4A,21000,,Split,,,2,,PELJEŠAC NEKRETNINE d.o.o.,67415693977,,Turistička zajednica grada Split,"Put Žnjana 4A EOL APARTMANI, 21000 SPLIT",4,Ostali objekti za smještaj koji se kategoriziraju/Apartman,2026-05-16T11:59:07+00:00
22c016d2-0055-58e6-820d-3e20da6ddfed,eturizam,1311689,,EOL APARTMANI – 3,Apartman,5,Put Žnjana,4A,21000,,Split,,,4,,PELJEŠAC NEKRETNINE d.o.o.,67415693977,,Turistička zajednica grada Split,"Put Žnjana 4A EOL APARTMANI, 21000 SPLIT",3,Ostali objekti za smještaj koji se kategoriziraju/Apartman,2026-05-16T11:59:07+00:00
cddc22b4-34a9-53c0-87cb-fda4a7096839,eturizam,1311688,,EOL APARTMANI – 2,Apartman,5,Put Žnjana,4A,21000,,Split,,,4,,PELJEŠAC NEKRETNINE d.o.o.,67415693977,,Turistička zajednica grada Split,"Put Žnjana 4A EOL APARTMANI, 21000 SPLIT",2,Ostali objekti za smještaj koji se kategoriziraju/Apartman,2026-05-16T11:59:07+00:00
a46b1cbd-fdcd-5e95-91b8-2e9f4d31b63d,eturizam,1311687,,EOL APARTMANI – 1,Apartman,5,Put Žnjana,4A,21000,,Split,,,2,,PELJEŠAC NEKRETNINE d.o.o.,67415693977,,Turistička zajednica grada Split,"Put Žnjana 4A EOL APARTMANI, 21000 SPLIT",1,Ostali objekti za smještaj koji se kategoriziraju/Apartman,2026-05-16T11:59:07+00:00
0a1da157-c1c0-54f0-ab8b-671f5a202caa,eturizam,1311495,,ROOF,Apartman,4,Vukovarska 23 ROOF,69,21000,,Split,,,4,,EPIC TOURS d.o.o. u stečaju,13088948273,,Turistička zajednica grada Split,"Vukovarska 23 ROOF 69, 21000 SPLIT",ROOF,Ostali objekti za smještaj koji se kategoriziraju/Apartman,2026-05-16T11:59:07+00:00
38bbe823-d883-55fb-aae3-192cfdceb800,eturizam,1311393,,SUNSHINE APARTMENT BAČVICE – 1,Apartman,3,Klarina,12,21000,,Split,,,4,,EPIC TOURS d.o.o. u stečaju,13088948273,,Turistička zajednica grada Split,"Klarina 12 SUNSHINE APARTMENT BAČVICE, 21000 SPLIT",1,Ostali objekti za smještaj koji se kategoriziraju/Apartman,2026-05-16T11:59:07+00:00
13232d69-7715-5e1c-9527-2af9ab6c61a0,eturizam,1311374,,1,Apartman,3,Radunica,30,21000,,Split,,,6,,LJUBO LOŠIĆ,94439869052,,Turistička zajednica grada Split,"Radunica 30, 21000 SPLIT",1,Ostali objekti za smještaj koji se kategoriziraju/Apartman,2026-05-16T11:59:07+00:00
0a6550d1-906c-53a7-9c6b-ba7dee746ee6,eturizam,1311357,,PIAZZA HERATIGE HOTEL – 1,Apartman,5,Kraj sv. Marije,1,21000,,Split,,,2,,SENSA d.o.o.,73289041274,,Turistička zajednica grada Split,"Kraj sv. Marije 1 PIAZZA HERATIGE HOTEL, 21000 SPLIT",1,Ostali objekti za smještaj koji se kategoriziraju/Apartman,2026-05-16T11:59:07+00:00
c070df93-130f-5dac-ba04-a68dfeba7be2,eturizam,1311332,,3,Apartman,3,Bana Jelačića,76,21220,Slatine,Split,,,4,,SUN AND SEA j.d.o.o.,85277647003,,Turistička zajednica grada Split,"Slatine, Bana Jelačića 76, 21220 SPLIT",3,Ostali objekti za smještaj koji se kategoriziraju/Apartman,2026-05-16T11:59:07+00:00
6db0f662-25e5-5493-b3fb-b8ac1072b80b,eturizam,1311330,,1,Apartman,3,Bana Jelačića,76,21220,Slatine,Split,,,2,,SUN AND SEA j.d.o.o.,85277647003,,Turistička zajednica grada Split,"Slatine, Bana Jelačića 76, 21220 SPLIT",1,Ostali objekti za smještaj koji se kategoriziraju/Apartman,2026-05-16T11:59:07+00:00
871b6bad-a201-5eed-b92c-8ed215846ca4,eturizam,1310798,,0006,Apartman,5,Put Žnjana,20A,21000,,Split,,,2,,PLAVI SAFIR d.o.o.,26556073445,,Turistička zajednica grada Split,"Put Žnjana 20A, 21000 SPLIT",0006,Ostali objekti za smještaj koji se kategoriziraju/Apartman,2026-05-16T11:59:07+00:00
526dec32-c600-542a-8180-98d4c4c0581e,eturizam,1310769,,1005,Apartman,5,Put Žnjana,20A,21000,,Split,,,2,,PLAVI SAFIR d.o.o.,26556073445,,Turistička zajednica grada Split,"Put Žnjana 20A, 21000 SPLIT",1005,Ostali objekti za smještaj koji se kategoriziraju/Apartman,2026-05-16T11:59:07+00:00
016878a4-e510-5cae-bee3-e42b641ea087,eturizam,1310762,,1001,Apartman,3,Put Žnjana,20A,21000,,Split,,,4,,PLAVI SAFIR d.o.o.,26556073445,,Turistička zajednica grada Split,"Put Žnjana 20A, 21000 SPLIT",1001,Ostali objekti za smještaj koji se kategoriziraju/Apartman,2026-05-16T11:59:07+00:00
0faa562e-b518-52ff-b182-f714f22aa78d,eturizam,1310756,,2001,Apartman,3,Put Žnjana,20A,21000,,Split,,,4,,PLAVI SAFIR d.o.o.,26556073445,,Turistička zajednica grada Split,"Put Žnjana 20A, 21000 SPLIT",2001,Ostali objekti za smještaj koji se kategoriziraju/Apartman,2026-05-16T11:59:07+00:00
c362e9ff-b636-5d3f-8bc6-828b7aafea75,eturizam,1310752,,4003,Apartman,5,Put Žnjana,20A,21000,,Split,,,4,,PLAVI SAFIR d.o.o.,26556073445,,Turistička zajednica grada Split,"Put Žnjana 20A, 21000 SPLIT",4003,Ostali objekti za smještaj koji se kategoriziraju/Apartman,2026-05-16T11:59:07+00:00
9409c924-2079-51cc-ba10-3ed319cce578,eturizam,1307438,,VERDI – 2,Apartman,3,Ćiril-Metodova,9,21000,,Split,,,4,,VERDI d.o.o.,14861117526,,Turistička zajednica grada Split,"Ćiril-Metodova 9 VERDI, 21000 SPLIT",2,Ostali objekti za smještaj koji se kategoriziraju/Apartman,2026-05-16T11:59:07+00:00
e825c05c-9be3-5407-922f-2bec419212bc,eturizam,1307437,,VERDI – 1,Apartman,3,Ćiril-Metodova,9,21000,,Split,,,4,,VERDI d.o.o.,14861117526,,Turistička zajednica grada Split,"Ćiril-Metodova 9 VERDI, 21000 SPLIT",1,Ostali objekti za smještaj koji se kategoriziraju/Apartman,2026-05-16T11:59:07+00:00
be72023e-673e-58ca-bafb-4a3d66d00d83,eturizam,1307416,,1,Apartman,5,Poljička cesta,20A,21000,,Split,,,2,,SAIL & DINE d.o.o.,35917684027,,Turistička zajednica grada Split,"Poljička cesta 20A, 21000 SPLIT",1,Ostali objekti za smještaj koji se kategoriziraju/Apartman,2026-05-16T11:59:07+00:00
15726703-5755-59ef-bbcb-ba4817626bdd,eturizam,1307376,,2,Apartman,3,Ivankova,11,21311,Stobreč,Split,,,3,,SKYLIGHT ENERGY d.o.o.,23306376400,,Turistička zajednica grada Split,"Stobreč, Ivankova 11, 21311 SPLIT",2,Ostali objekti za smještaj koji se kategoriziraju/Apartman,2026-05-16T11:59:07+00:00
211137d9-944b-559b-bd5d-27a83aaf9e2f,eturizam,1307375,,1,Apartman,3,Ivankova,11,21311,Stobreč,Split,,,2,,SKYLIGHT ENERGY d.o.o.,23306376400,,Turistička zajednica grada Split,"Stobreč, Ivankova 11, 21311 SPLIT",1,Ostali objekti za smještaj koji se kategoriziraju/Apartman,2026-05-16T11:59:07+00:00
d418b1b5-f602-59ed-9fcd-62f98a7ea60c,eturizam,1306871,,4.,Apartman,4,Jadranska,5,21000,,Split,,,2,2,Muller Adria d.o.o.,53705496978,,Turistička zajednica grada Split,"Jadranska 5, 21000 SPLIT",4.,Ostali objekti za smještaj koji se kategoriziraju/Apartman,2026-05-16T11:59:07+00:00
f89b717e-ed87-599f-a9b2-27992a81f23a,eturizam,1306870,,3.,Apartman,4,Jadranska,5,21000,,Split,,,3,2,Muller Adria d.o.o.,53705496978,,Turistička zajednica grada Split,"Jadranska 5, 21000 SPLIT",3.,Ostali objekti za smještaj koji se kategoriziraju/Apartman,2026-05-16T11:59:07+00:00
a563cf11-6ca8-557c-bdcd-a7160db61259,eturizam,1306868,,1.,Apartman,4,Jadranska,5,21000,,Split,,,4,2,Muller Adria d.o.o.,53705496978,,Turistička zajednica grada Split,"Jadranska 5, 21000 SPLIT",1.,Ostali objekti za smještaj koji se kategoriziraju/Apartman,2026-05-16T11:59:07+00:00
1efc9a28-4aee-5cfd-a1a3-adb0a2717905,eturizam,1306803,,LIBERTY LIVING – 4,Apartman,5,Put Žnjana,14F,21000,,Split,,,4,2,LIBERTY LIVING d.o.o.,46661631344,,Turistička zajednica grada Split,"Put Žnjana 14F LIBERTY LIVING, 21000 SPLIT",4,Ostali objekti za smještaj koji se kategoriziraju/Apartman,2026-05-16T11:59:07+00:00
0d65891e-b859-513c-8326-9a0e551fffa7,eturizam,1306802,,LIBERTY LIVING – 3,Apartman,5,Put Žnjana,14F,21000,,Split,,,6,2,LIBERTY LIVING d.o.o.,46661631344,,Turistička zajednica grada Split,"Put Žnjana 14F LIBERTY LIVING, 21000 SPLIT",3,Ostali objekti za smještaj koji se kategoriziraju/Apartman,2026-05-16T11:59:07+00:00
d120240c-c2a4-5f8d-a0b5-956e4502cf33,eturizam,1306801,,LIBERTY LIVING – 2,Apartman,5,Put Žnjana,14F,21000,,Split,,,6,2,LIBERTY LIVING d.o.o.,46661631344,,Turistička zajednica grada Split,"Put Žnjana 14F LIBERTY LIVING, 21000 SPLIT",2,Ostali objekti za smještaj koji se kategoriziraju/Apartman,2026-05-16T11:59:07+00:00
3eef1e06-69ea-55cb-857b-9554d53044c3,eturizam,1306800,,LIBERTY LIVING – 1,Apartman,5,Put Žnjana,14F,21000,,Split,,,4,2,LIBERTY LIVING d.o.o.,46661631344,,Turistička zajednica grada Split,"Put Žnjana 14F LIBERTY LIVING, 21000 SPLIT",1,Ostali objekti za smještaj koji se kategoriziraju/Apartman,2026-05-16T11:59:07+00:00
72e62546-87ed-5e33-aca8-e66d8ecdf81a,eturizam,1306767,,VILLA CENTRAL – 2,Apartman,4,Istarska,32,21000,,Split,,,4,,SAIL CROATIA d.o.o.,05308276628,,Turistička zajednica grada Split,"Istarska 32 VILLA CENTRAL, 21000 SPLIT",2,Ostali objekti za smještaj koji se kategoriziraju/Apartman,2026-05-16T11:59:07+00:00
40d544a1-ff68-59a1-a913-22f495b582a0,eturizam,1306766,,VILLA CENTRAL – 1,Apartman,4,Istarska,32,21000,,Split,,,4,,SAIL CROATIA d.o.o.,05308276628,,Turistička zajednica grada Split,"Istarska 32 VILLA CENTRAL, 21000 SPLIT",1,Ostali objekti za smještaj koji se kategoriziraju/Apartman,2026-05-16T11:59:07+00:00
38af4bd2-8a48-5980-a81e-137f53f19491,eturizam,1306657,,2,Apartman,3,Kašićeva,11,21000,,Split,,,4,,EQUANIMITY d.o.o.,48140076350,,Turistička zajednica grada Split,"Kašićeva 11, 21000 SPLIT",2,Ostali objekti za smještaj koji se kategoriziraju/Apartman,2026-05-16T11:59:07+00:00
0d12b331-7937-544c-9187-2d5dd94e9d23,eturizam,1306656,,1,Apartman,3,Kašićeva,11,21000,,Split,,,4,,EQUANIMITY d.o.o.,48140076350,,Turistička zajednica grada Split,"Kašićeva 11, 21000 SPLIT",1,Ostali objekti za smještaj koji se kategoriziraju/Apartman,2026-05-16T11:59:07+00:00
a60e4410-06c1-5d03-8514-b8bb9dacf3bb,eturizam,1306497,,1,Apartman,4,Pazdigradska,54,21000,,Split,,,2,,CASA SOLIS d.o.o.,56201434976,,Turistička zajednica grada Split,"Pazdigradska 54, 21000 SPLIT",1,Ostali objekti za smještaj koji se kategoriziraju/Apartman,2026-05-16T11:59:07+00:00
a1581a0e-1958-581a-a7b1-a3043ea31ebf,eturizam,1305122,,ALBA RESIDENZIA – 3,Apartman,4,Hektorovićeva,21,21000,,Split,,,2,,PRIMUM OMNIUM d.o.o.,14171820345,,Turistička zajednica grada Split,"Hektorovićeva 21 ALBA RESIDENZIA, 21000 SPLIT",3,Ostali objekti za smještaj koji se kategoriziraju/Apartman,2026-05-16T11:59:07+00:00
59e5dddd-59b1-5405-9e25-ec859377f548,eturizam,1304633,,EVICA,Apartman,3,Ostravska,1,21000,,Split,,,5,,"VILENJAKOVA TAJNA, obrt za usluge smještaja, vl. Željko Babić, Split, Ostravska 1",,98263692,Turistička zajednica grada Split,"Ostravska 1 EVICA, 21000 SPLIT",EVICA,Ostali objekti za smještaj koji se kategoriziraju/Apartman,2026-05-16T11:59:07+00:00
390dd10c-5f2f-598d-8a66-a07d7d279909,eturizam,1304467,,MAGIC,Apartman,2,Put Žnjana,3E,21000,,Split,,,5,,PRKIĆ d.o.o.,71649193430,,Turistička zajednica grada Split,"Put Žnjana 3E MAGIC, 21000 SPLIT",MAGIC,Ostali objekti za smještaj koji se kategoriziraju/Apartman,2026-05-16T11:59:07+00:00
e64768c3-5d88-50ac-8029-acbf61062f23,eturizam,1304405,,KASTELAN D.O.O. – 2,Apartman,3,Gupčeva,34,21000,,Split,,,6,,KASTELAN d.o.o.,08932925983,,Turistička zajednica grada Split,"Gupčeva 34 KASTELAN D.O.O., 21000 SPLIT",2,Ostali objekti za smještaj koji se kategoriziraju/Apartman,2026-05-16T11:59:07+00:00
09a53fcf-0729-5537-a161-d027dff6db8a,eturizam,1304404,,KASTELAN D.O.O. – 1,Apartman,3,Gupčeva,34,21000,,Split,,,4,,KASTELAN d.o.o.,08932925983,,Turistička zajednica grada Split,"Gupčeva 34 KASTELAN D.O.O., 21000 SPLIT",1,Ostali objekti za smještaj koji se kategoriziraju/Apartman,2026-05-16T11:59:07+00:00
fffc81f9-1b40-5a33-90c4-041e8732ae09,eturizam,1302689,,GOLDSTUCK,Apartman,3,Kamenita,83,21000,,Split,,,4,,GOLDSTÜCK d.o.o.,73045444321,,Turistička zajednica grada Split,"Kamenita 83, 21000 SPLIT",GOLDSTUCK,Ostali objekti za smještaj koji se kategoriziraju/Apartman,2026-05-16T11:59:07+00:00
94f33bc7-0a8a-52e2-94b0-701be31cf4f6,eturizam,1302387,,VILLA SAN ANTONIO – 2,Apartman,4,Zvonimirova obala,100,21220,Slatine,Split,,,4,,SZUFNARA APARTMANI d.o.o.,80901339110,,Turistička zajednica grada Split,"Slatine, Zvonimirova obala 100 VILLA SAN ANTONIO, 21220 SPLIT",2,Ostali objekti za smještaj koji se kategoriziraju/Apartman,2026-05-16T11:59:07+00:00
6293f15e-20c9-55bb-939b-e4217761f035,eturizam,1302386,,VILLA SAN ANTONIO – 1,Apartman,4,Zvonimirova obala,100,21220,Slatine,Split,,,2,1,SZUFNARA APARTMANI d.o.o.,80901339110,,Turistička zajednica grada Split,"Slatine, Zvonimirova obala 100 VILLA SAN ANTONIO, 21220 SPLIT",1,Ostali objekti za smještaj koji se kategoriziraju/Apartman,2026-05-16T11:59:07+00:00
62f55805-7c66-58ca-af97-6c6dedd484d4,eturizam,1302363,,DOCLES PLACE – DIOCLES PLACE,Apartman,3,Sukoišanska,19,21000,,Split,,,3,2,"BRUM, obrt za usluge i trgovinu, vl. Ante Ćurković, Split, Sukoišanska 19",,97729213,Turistička zajednica grada Split,"Sukoišanska 19 DOCLES PLACE, 21000 SPLIT",DIOCLES PLACE,Ostali objekti za smještaj koji se kategoriziraju/Apartman,2026-05-16T11:59:07+00:00
c7300f22-5d05-52e3-8245-77aaf6d10f3f,eturizam,1302190,,EPETIUM BEACH VILLA – 1,Apartman,3,Ivankova,9A,21311,Stobreč,Split,,,2,,TRANSLACIJA d.o.o. u stečaju,78255491137,,Turistička zajednica grada Split,"Stobreč, Ivankova 9A EPETIUM BEACH VILLA, 21311 SPLIT",1,Ostali objekti za smještaj koji se kategoriziraju/Apartman,2026-05-16T11:59:07+00:00
affb55fb-a595-5121-83f8-1fc0feb511a9,eturizam,1302189,,EPETIUM BEACH VILLA – 2,Apartman,3,Ivankova,9A,21311,Stobreč,Split,,,7,,TRANSLACIJA d.o.o. u stečaju,78255491137,,Turistička zajednica grada Split,"Stobreč, Ivankova 9A EPETIUM BEACH VILLA, 21311 SPLIT",2,Ostali objekti za smještaj koji se kategoriziraju/Apartman,2026-05-16T11:59:07+00:00
ee323554-e93c-584c-9951-24a4f0b924e3,eturizam,1301456,,PERIMAR – A 3,Apartman,3,Držićeva 8 A,3,21000,,Split,,,2,2,Roterm d.o.o,79948849024,,Turistička zajednica grada Split,"Držićeva 8 A 3 PERIMAR SPLIT, 21000 SPLIT",A 3,Ostali objekti za smještaj koji se kategoriziraju/Apartman,2026-05-16T11:59:07+00:00
37b7bef6-3034-57c4-bb1f-8cd08da4e559,eturizam,1299304,,1,Apartman,3,Njegoševa 4 APARTMAN,1004,21000,,Split,,,4,,DIVOTA d.o.o.,62405392824,,Turistička zajednica grada Split,"Njegoševa 4 APARTMAN 1004, 21000 SPLIT",1,Ostali objekti za smještaj koji se kategoriziraju/Apartman,2026-05-16T11:59:07+00:00
7c28e13f-dbf3-5abe-93b2-00e2f3c08c74,eturizam,1299085,,"SIX ISLANDS – C 45, LASTOVO",Apartman,3,Ulica Josipa Jovića,17,21000,,Split,,,2,1,EPULOR d.o.o.,28567668657,,Turistička zajednica grada Split,"Ulica Josipa Jovića 17 SIX ISLANDS, 21000 SPLIT","C 45, LASTOVO",Ostali objekti za smještaj koji se kategoriziraju/Apartman,2026-05-16T11:59:07+00:00
7007e308-ee86-540a-804d-38904544b2df,eturizam,1299084,,"SIX ISLANDS – C 44, KORČULA",Apartman,3,Ulica Josipa Jovića,17,21000,,Split,,,2,1,EPULOR d.o.o.,28567668657,,Turistička zajednica grada Split,"Ulica Josipa Jovića 17 SIX ISLANDS, 21000 SPLIT","C 44, KORČULA",Ostali objekti za smještaj koji se kategoriziraju/Apartman,2026-05-16T11:59:07+00:00
dd8bbef9-16d9-582b-b241-f3cae1278d88,eturizam,1299083,,"SIX ISLANDS – C 43, VIS",Apartman,3,Ulica Josipa Jovića,17,21000,,Split,,,2,1,EPULOR d.o.o.,28567668657,,Turistička zajednica grada Split,"Ulica Josipa Jovića 17 SIX ISLANDS, 21000 SPLIT","C 43, VIS",Ostali objekti za smještaj koji se kategoriziraju/Apartman,2026-05-16T11:59:07+00:00
c9e32ddb-f7d8-5cee-b827-2ba908f4b392,eturizam,1299082,,"SIX ISLANDS – C 42, HVAR",Apartman,3,Ulica Josipa Jovića,17,21000,,Split,,,2,1,EPULOR d.o.o.,28567668657,,Turistička zajednica grada Split,"Ulica Josipa Jovića 17 SIX ISLANDS, 21000 SPLIT","C 42, HVAR",Ostali objekti za smještaj koji se kategoriziraju/Apartman,2026-05-16T11:59:07+00:00
c1b093a5-e309-51f8-863c-9c21c1f8342c,eturizam,1299081,,"SIX ISLANDS – C 41, ŠOLTA",Apartman,3,Ulica Josipa Jovića,17,21000,,Split,,,2,1,EPULOR d.o.o.,28567668657,,Turistička zajednica grada Split,"Ulica Josipa Jovića 17 SIX ISLANDS, 21000 SPLIT","C 41, ŠOLTA",Ostali objekti za smještaj koji se kategoriziraju/Apartman,2026-05-16T11:59:07+00:00
9ee1a969-364e-5c5c-a6b3-a80b039d8131,eturizam,1299062,,"SIX ISLANDS – C 40, BRAČ",Apartman,3,Ulica Josipa Jovića,17,21000,,Split,,,2,1,EPULOR d.o.o.,28567668657,,Turistička zajednica grada Split,"Ulica Josipa Jovića 17 SIX ISLANDS, 21000 SPLIT","C 40, BRAČ",Ostali objekti za smještaj koji se kategoriziraju/Apartman,2026-05-16T11:59:07+00:00
ca888852-b51f-56bd-84ba-4297024d37d4,eturizam,1299047,,VILLA MARTA – 1,Apartman,4,Majstora Jurja,3,21000,,Split,,,2,2,APUNTAMENAT d.o.o.,24304234561,,Turistička zajednica grada Split,"Majstora Jurja 3 VILLA MARTA, 21000 SPLIT",1,Ostali objekti za smještaj koji se kategoriziraju/Apartman,2026-05-16T11:59:07+00:00
c6518b7c-8556-5c19-92f7-8719dc00ac84,eturizam,1297947,,1,Apartman,2,Ulica 141. brigade hrvatske vojske,35,21000,,Split,,,2,,"JAKI, d.o.o.",49507128866,,Turistička zajednica grada Split,"Ulica 141. brigade hrvatske vojske 35 Jaki d.o.o., 21000 SPLIT",1,Ostali objekti za smještaj koji se kategoriziraju/Apartman,2026-05-16T11:59:07+00:00
37911bcb-9081-5bfa-902a-074f95799731,eturizam,1297929,,TORTOSA BLUE – 1,Apartman,2,Kralja Zvonimira,89,21000,,Split,,,6,,BUROLO d.o.o.,06299731612,,Turistička zajednica grada Split,"Kralja Zvonimira 89 TORTOSA BLUE, 21000 SPLIT",1,Ostali objekti za smještaj koji se kategoriziraju/Apartman,2026-05-16T11:59:07+00:00
21fd557c-2b97-595f-827a-94651cd1d579,eturizam,1296088,,1,Apartman,3,Ulica rašeljke 10 VITARA,1,21000,,Split,,,2,1,"KONTNI PLAN, d.o.o.",62288852488,,Turistička zajednica grada Split,"Ulica rašeljke 10 VITARA 1, 21000 SPLIT",1,Ostali objekti za smještaj koji se kategoriziraju/Apartman,2026-05-16T11:59:07+00:00
c025ecf1-d5c6-5a2f-b7dd-547c04503415,eturizam,1294895,,NAOMI,Apartman,3,Velebitska,147,21000,,Split,,,2,2,PAIS 22 j.d.o.o.,15441196920,,Turistička zajednica grada Split,"Velebitska 147, 21000 SPLIT",NAOMI,Ostali objekti za smještaj koji se kategoriziraju/Apartman,2026-05-16T11:59:07+00:00
63ae4de1-0376-50d3-b0b9-9ef0c422243b,eturizam,1294771,,OLD STONEY – 1,Apartman,3,Radmilovića,15,21000,,Split,,,2,1,ERAK ENTERPRISES d.o.o.,54611799578,,Turistička zajednica grada Split,"Radmilovića 15 OLD STONEY, 21000 SPLIT",1,Ostali objekti za smještaj koji se kategoriziraju/Apartman,2026-05-16T11:59:07+00:00
1cde0076-f0fd-50c0-992b-5df51617c8b7,eturizam,1294264,,IMPACT HOUSE – 1,Apartman,2,Ulica Domovinskog rata,46,21000,,Split,,,7,2,LIKE ME d.o.o.,71014735996,,Turistička zajednica grada Split,"Ulica Domovinskog rata 46 IMPACT HOUSE SPLIT, 21000 SPLIT",1,Ostali objekti za smještaj koji se kategoriziraju/Apartman,2026-05-16T11:59:07+00:00
06626284-2da2-5a7d-bfb9-e99416dec5b7,eturizam,1293823,,2,Apartman,3,Grgura Ninskog poljana,5,21000,,Split,,,2,,PURPLE j.d.o.o.,63981022537,,Turistička zajednica grada Split,"Grgura Ninskog poljana 5, 21000 SPLIT",2,Ostali objekti za smještaj koji se kategoriziraju/Apartman,2026-05-16T11:59:07+00:00
8f32bbc7-7d68-5e43-b05b-7cd92215ffee,eturizam,1293621,,2,Apartman,4,Mitnička,10,21000,,Split,,,2,1,ROMB d.o.o.,85719033931,,Turistička zajednica grada Split,"Mitnička 10, 21000 SPLIT",2,Ostali objekti za smještaj koji se kategoriziraju/Apartman,2026-05-16T11:59:07+00:00
1b7c62bd-6192-577c-ba8a-24eda6478e63,eturizam,1293617,,1,Apartman,4,Mitnička,10,21000,,Split,,,2,1,ROMB d.o.o.,85719033931,,Turistička zajednica grada Split,"Mitnička 10, 21000 SPLIT",1,Ostali objekti za smještaj koji se kategoriziraju/Apartman,2026-05-16T11:59:07+00:00
338293b5-8ec7-5022-94ce-b7152531f500,eturizam,1293417,,TROSKA D.O.O. – MISSY,Apartman,2,Mejaši,31,21000,,Split,,,2,,TROSKA d.o.o.,30228371683,,Turistička zajednica grada Split,"Mejaši 31 TROSKA D.O.O., 21000 SPLIT",MISSY,Ostali objekti za smještaj koji se kategoriziraju/Apartman,2026-05-16T11:59:07+00:00
ee260032-0eb6-5e0a-932b-e3f0cfab9485,eturizam,1293415,,TROSKA D.O.O. – BIANCA,Apartman,3,Mejaši,31,21000,,Split,,,4,,TROSKA d.o.o.,30228371683,,Turistička zajednica grada Split,"Mejaši 31 TROSKA D.O.O., 21000 SPLIT",BIANCA,Ostali objekti za smještaj koji se kategoriziraju/Apartman,2026-05-16T11:59:07+00:00
20d8569b-3bb1-5743-9bc5-0925acaa1435,eturizam,1293032,,ELENORA,Apartman,3,Kralja Zvonimira,34,21000,,Split,,,3,,"MURO, obrt za ugostiteljstvo, vl. Mario Zahirović, Split, Kralja Zvonimira 34",,98758365,Turistička zajednica grada Split,"Kralja Zvonimira 34 ELENORA, 21000 SPLIT",ELENORA,Ostali objekti za smještaj koji se kategoriziraju/Apartman,2026-05-16T11:59:07+00:00
b2cd6a1f-bc67-5618-95e9-60d479c0ef01,eturizam,1292940,,APARTMAN SPINČIĆEVA – 1,Apartman,3,Spinčićeva,2F,21000,,Split,,,3,,PROPER DIGITAL ADVICE d.o.o.,57267826530,,Turistička zajednica grada Split,"Spinčićeva 2F APARTMAN SPINČIĆEVA, 21000 SPLIT",1,Ostali objekti za smještaj koji se kategoriziraju/Apartman,2026-05-16T11:59:07+00:00
7fcda232-d5c5-560c-b025-d0762b87e6da,eturizam,1292786,,ALL SUITES POSH – CHARM,Apartman,5,Spinčićeva,27,21000,,Split,,,4,,FLORES SILVESTRES d.o.o.,23389109745,,Turistička zajednica grada Split,"Spinčićeva 27 ALL SUITES POSH, 21000 SPLIT",CHARM,Ostali objekti za smještaj koji se kategoriziraju/Apartman,2026-05-16T11:59:07+00:00
de0b98a7-00dd-580f-b424-f884eee0b4f3,eturizam,1292785,,ALL SUITES POSH – LUXE,Apartman,5,Spinčićeva,27,21000,,Split,,,4,,FLORES SILVESTRES d.o.o.,23389109745,,Turistička zajednica grada Split,"Spinčićeva 27 ALL SUITES POSH, 21000 SPLIT",LUXE,Ostali objekti za smještaj koji se kategoriziraju/Apartman,2026-05-16T11:59:07+00:00
d51f6864-8826-5015-8408-8b21be7f651c,eturizam,1292783,,ALL SUITES POSH – GOLD,Apartman,5,Spinčićeva,27,21000,,Split,,,4,,FLORES SILVESTRES d.o.o.,23389109745,,Turistička zajednica grada Split,"Spinčićeva 27 ALL SUITES POSH, 21000 SPLIT",GOLD,Ostali objekti za smještaj koji se kategoriziraju/Apartman,2026-05-16T11:59:07+00:00
821b97d9-2e1e-53bf-a970-2b74c19b6ea3,eturizam,1292782,,ALL SUITES POSH – GLAM,Apartman,5,Spinčićeva,27,21000,,Split,,,2,,FLORES SILVESTRES d.o.o.,23389109745,,Turistička zajednica grada Split,"Spinčićeva 27 ALL SUITES POSH, 21000 SPLIT",GLAM,Ostali objekti za smještaj koji se kategoriziraju/Apartman,2026-05-16T11:59:07+00:00
46720c21-41b9-5dca-9aef-eabb58fce5b7,eturizam,1292781,,ALL SUITES POSH – CHIC,Apartman,5,Spinčićeva,27,21000,,Split,,,4,,FLORES SILVESTRES d.o.o.,23389109745,,Turistička zajednica grada Split,"Spinčićeva 27 ALL SUITES POSH, 21000 SPLIT",CHIC,Ostali objekti za smještaj koji se kategoriziraju/Apartman,2026-05-16T11:59:07+00:00
629c29dc-02ea-5c2f-8fba-b6e8902fdf89,eturizam,1292424,,SPLIT CITY RESIDENCE – 1,Apartman,4,Jobova,8,21000,,Split,,,4,,CALVADOS CLUB d.o.o.,71481743857,,Turistička zajednica grada Split,"Jobova 8 SPLIT CITY RESIDENCE, 21000 SPLIT",1,Ostali objekti za smještaj koji se kategoriziraju/Apartman,2026-05-16T11:59:07+00:00
de6551fb-3afc-58ac-be19-2bd387f51640,eturizam,1281916,,1,Apartman,3,Palmina,63,21000,,Split,,,6,2,POANTA PRIMUS d.o.o.,58799346692,,Turistička zajednica grada Split,"Palmina 63, 21000 SPLIT",1,Ostali objekti za smještaj koji se kategoriziraju/Apartman,2026-05-16T11:59:07+00:00
84a70e43-6d07-5d83-8e94-e075cc69ebe1,eturizam,1278962,,LUCI LUXURY RETREAT,Apartman,4,Zoranićeva,1,21000,,Split,,,4,2,"AUSUM, d.o.o.",75812374635,,Turistička zajednica grada Split,"Zoranićeva 1, 21000 SPLIT",LUCI LUXURY RETREAT,Ostali objekti za smještaj koji se kategoriziraju/Apartman,2026-05-16T11:59:07+00:00
19df61bf-7e03-5518-92c1-594a6fdfa02d,eturizam,1265617,,1,Apartman,4,Ljudevita Posavskog,12,21000,,Split,,,4,2,PROLUX d.o.o.,50373825720,,Turistička zajednica grada Split,"Ljudevita Posavskog 12, 21000 SPLIT",1,Ostali objekti za smještaj koji se kategoriziraju/Apartman,2026-05-16T11:59:07+00:00
129e2604-fe14-525f-9354-5f4b91223253,eturizam,1265188,,Krešimirova apartment,Apartman,3,Krešimirova,7,21000,,Split,,,6,2,KAP ULAGANJA d.o.o.,46754951816,,Turistička zajednica grada Split,"Krešimirova 7, 21000 SPLIT",Krešimirova apartment,Ostali objekti za smještaj koji se kategoriziraju/Apartman,2026-05-16T11:59:07+00:00
a0067287-fd03-5e7b-a995-1ca1b874865a,eturizam,1263693,,6,Apartman,4,Put Orišca,9,21000,,Split,,,2,2,NAZARII d.o.o.,41201533619,,Turistička zajednica grada Split,"Put Orišca 9, 21000 SPLIT",6,Ostali objekti za smještaj koji se kategoriziraju/Apartman,2026-05-16T11:59:07+00:00
e411d9d2-1d81-5648-8514-bf9c511f95a3,eturizam,1263692,,5,Apartman,4,Put Orišca,9,21000,,Split,,,4,2,NAZARII d.o.o.,41201533619,,Turistička zajednica grada Split,"Put Orišca 9, 21000 SPLIT",5,Ostali objekti za smještaj koji se kategoriziraju/Apartman,2026-05-16T11:59:07+00:00
879bcd0e-d99a-559b-b252-00dd0feb322c,eturizam,1263691,,4,Apartman,4,Put Orišca,9,21000,,Split,,,4,2,NAZARII d.o.o.,41201533619,,Turistička zajednica grada Split,"Put Orišca 9, 21000 SPLIT",4,Ostali objekti za smještaj koji se kategoriziraju/Apartman,2026-05-16T11:59:07+00:00
ade2e128-194f-5ff6-a688-6e9e954d68dd,eturizam,1253377,,1.,Apartman,3,Kralja Zvonimira,63,21000,,Split,,,6,,SITUS NOVUS d.o.o.,63744334045,,Turistička zajednica grada Split,"Kralja Zvonimira 63, 21000 SPLIT",1.,Ostali objekti za smještaj koji se kategoriziraju/Apartman,2026-05-16T11:59:07+00:00
0a12b235-1d82-59ca-8ae9-7e5f57702251,eturizam,1251632,,EVE,Apartman,2,Radunica,83,21000,,Split,,,4,2,ADIONA TRAVEL j.d.o.o.,17307298390,,Turistička zajednica grada Split,"Radunica 83, 21000 SPLIT",EVE,Ostali objekti za smještaj koji se kategoriziraju/Apartman,2026-05-16T11:59:07+00:00
24f9ab78-1978-59e2-a2f2-77bdeef77a85,eturizam,1246422,,1.,Apartman,3,Njegoševa,4,21000,,Split,,,2,,DIVOTA d.o.o.,62405392824,,Turistička zajednica grada Split,"Njegoševa 4 na 2. katu, 21000 SPLIT",1.,Ostali objekti za smještaj koji se kategoriziraju/Apartman,2026-05-16T11:59:07+00:00
15ed7345-5b0b-51d5-a297-e0f7606ab269,eturizam,1239779,,1,Apartman,4,Hektorovićeva,9,21000,,Split,,,4,,"MEDIC RESIDENCE, obrt za ugostiteljstvo, vl. Maja Medić, Split, Hektorovićeva 9",,98712675,Turistička zajednica grada Split,"Hektorovićeva 9, 21000 SPLIT",1,Ostali objekti za smještaj koji se kategoriziraju/Apartman,2026-05-16T11:59:07+00:00
ea43bbe2-3b43-52d9-a269-7da615d12a06,eturizam,1237059,,1,Apartman,3,Plinarska,3/2,21000,,Split,,,4,,MARIJA GAŠPAR,48271282987,,Turistička zajednica grada Split,"Plinarska 3/2, 21000 SPLIT",1,Ostali objekti za smještaj koji se kategoriziraju/Apartman,2026-05-16T11:59:07+00:00
dec4c5dd-a052-5de4-9a58-2c91bb2b6535,eturizam,1272574,,1,Soba,4,Kralja Zvonimira,12,21000,,Split,,,2,,ABOVE THE SKY d.o.o.,16757829334,,Turistička zajednica grada Split,"Kralja Zvonimira 12, 21000 SPLIT",1,Ostali objekti za smještaj koji se kategoriziraju/Soba,2026-05-16T11:59:07+00:00
c80558eb-f154-57ef-8189-536a3c8e3f06,eturizam,1272579,,2,Soba,4,Kralja Zvonimira,12,21000,,Split,,,2,,ABOVE THE SKY d.o.o.,16757829334,,Turistička zajednica grada Split,"Kralja Zvonimira 12, 21000 SPLIT",2,Ostali objekti za smještaj koji se kategoriziraju/Soba,2026-05-16T11:59:07+00:00
3dc435fe-2222-575d-bcad-ba1bbc6f97f3,eturizam,1272582,,5,Soba,4,Kralja Zvonimira,12,21000,,Split,,,2,,ABOVE THE SKY d.o.o.,16757829334,,Turistička zajednica grada Split,"Kralja Zvonimira 12, 21000 SPLIT",5,Ostali objekti za smještaj koji se kategoriziraju/Soba,2026-05-16T11:59:07+00:00
008d907a-141d-574d-ba12-480fcc47cb6f,eturizam,1272584,,6,Soba,4,Kralja Zvonimira,12,21000,,Split,,,2,,ABOVE THE SKY d.o.o.,16757829334,,Turistička zajednica grada Split,"Kralja Zvonimira 12, 21000 SPLIT",6,Ostali objekti za smještaj koji se kategoriziraju/Soba,2026-05-16T11:59:07+00:00
2591e7fc-582e-5291-b7dc-12a847fb5fc5,eturizam,1292452,,1,Soba,4,Klaićeva poljana 1 K & K,2,21000,,Split,,,2,,PARGAN SPALATUM d.o.o.,98255414502,,Turistička zajednica grada Split,"Klaićeva poljana 1 K & K 2, 21000 SPLIT",1,Ostali objekti za smještaj koji se kategoriziraju/Soba,2026-05-16T11:59:07+00:00
e3693326-1385-5e7a-9cbd-1c0bf37ee893,eturizam,1292453,,2,Soba,4,Klaićeva poljana 1 K & K,2,21000,,Split,,,2,,PARGAN SPALATUM d.o.o.,98255414502,,Turistička zajednica grada Split,"Klaićeva poljana 1 K & K 2, 21000 SPLIT",2,Ostali objekti za smještaj koji se kategoriziraju/Soba,2026-05-16T11:59:07+00:00
baf87fff-ba18-5df5-8436-4fae71d9e263,eturizam,1292541,,MARTHINIS – 1,Studio apartman,4,Kralja Zvonimira,65A,21000,,Split,,,2,,"MARTHINIS, obrt za usluge, vl. Jelena Vrdoljak, Split, Kralja Zvonimira 65 A",,98826514,Turistička zajednica grada Split,"Kralja Zvonimira 65A MARTHINIS, 21000 SPLIT",1,Ostali objekti za smještaj koji se kategoriziraju/Studio apartman,2026-05-16T11:59:07+00:00
a852f7be-cec2-5594-a30d-5c8d077ec71a,eturizam,1292542,,MARTHINIS – 2,Soba,3,Kralja Zvonimira,65A,21000,,Split,,,2,,"MARTHINIS, obrt za usluge, vl. Jelena Vrdoljak, Split, Kralja Zvonimira 65 A",,98826514,Turistička zajednica grada Split,"Kralja Zvonimira 65A MARTHINIS, 21000 SPLIT",2,Ostali objekti za smještaj koji se kategoriziraju/Soba,2026-05-16T11:59:07+00:00
7d81eeca-1829-5aee-a176-7d140a6d738e,eturizam,1292955,,NINA – 1,Studio apartman,3,Poljička cesta,23,21000,,Split,,,4,,BRZI TEMPO j.d.o.o.,29955830070,,Turistička zajednica grada Split,"Poljička cesta 23 NINA, 21000 SPLIT",1,Ostali objekti za smještaj koji se kategoriziraju/Studio apartman,2026-05-16T11:59:07+00:00
4aac5f9f-5d4c-5ad0-b13a-416ce563183c,eturizam,1294705,,STYLE ROOMS – 1,Soba,3,Kralja Zvonimira,29,21000,,Split,,,2,1,LIKE ME d.o.o.,71014735996,,Turistička zajednica grada Split,"Kralja Zvonimira 29 STYLE ROOMS SPLIT, 21000 SPLIT",1,Ostali objekti za smještaj koji se kategoriziraju/Soba,2026-05-16T11:59:07+00:00
09af6e0d-44fb-582c-8eca-9e0fa8ef49b2,eturizam,1294708,,STYLE ROOMS – 2,Soba,3,Kralja Zvonimira,29,21000,,Split,,,2,1,LIKE ME d.o.o.,71014735996,,Turistička zajednica grada Split,"Kralja Zvonimira 29 STYLE ROOMS SPLIT, 21000 SPLIT",2,Ostali objekti za smještaj koji se kategoriziraju/Soba,2026-05-16T11:59:07+00:00
300ba338-2ff0-5676-bab1-7d6726e2eeec,eturizam,1294709,,STYLE ROOMS – 3,Soba,3,Kralja Zvonimira,29,21000,,Split,,,2,,LIKE ME d.o.o.,71014735996,,Turistička zajednica grada Split,"Kralja Zvonimira 29 STYLE ROOMS SPLIT, 21000 SPLIT",3,Ostali objekti za smještaj koji se kategoriziraju/Soba,2026-05-16T11:59:07+00:00
63dbc5af-3641-5a4a-9245-3fc6ca458360,eturizam,1298323,,SEASCAPE LUXURY ROOMS – 1,Soba,4,Kralja Zvonimira,14,21000,,Split,,,2,,OMENDULA d.o.o.,14237312002,,Turistička zajednica grada Split,"Kralja Zvonimira 14 SEASCAPE LUXURY ROOMS, 21000 SPLIT",1,Ostali objekti za smještaj koji se kategoriziraju/Soba,2026-05-16T11:59:07+00:00
5279a712-82b3-5809-95c2-763932482237,eturizam,1298330,,SEASCAPE LUXURY ROOMS – 2,Soba,4,Kralja Zvonimira,14,21000,,Split,,,2,,OMENDULA d.o.o.,14237312002,,Turistička zajednica grada Split,"Kralja Zvonimira 14 SEASCAPE LUXURY ROOMS, 21000 SPLIT",2,Ostali objekti za smještaj koji se kategoriziraju/Soba,2026-05-16T11:59:07+00:00
deb4c23d-180f-5605-8594-dea73fc340e4,eturizam,1298331,,SEASCAPE LUXURY ROOMS – 3,Soba,4,Kralja Zvonimira,14,21000,,Split,,,2,,OMENDULA d.o.o.,14237312002,,Turistička zajednica grada Split,"Kralja Zvonimira 14 SEASCAPE LUXURY ROOMS, 21000 SPLIT",3,Ostali objekti za smještaj koji se kategoriziraju/Soba,2026-05-16T11:59:07+00:00
ef2452d6-3f08-500a-b016-9958a0939689,eturizam,1298332,,SEASCAPE LUXURY ROOMS – 4,Soba,4,Kralja Zvonimira,14,21000,,Split,,,2,,OMENDULA d.o.o.,14237312002,,Turistička zajednica grada Split,"Kralja Zvonimira 14 SEASCAPE LUXURY ROOMS, 21000 SPLIT",4,Ostali objekti za smještaj koji se kategoriziraju/Soba,2026-05-16T11:59:07+00:00
95ba4972-232d-5c8f-aab6-57ef2cde670b,eturizam,1298333,,SEASCAPE LUXURY ROOMS – 5,Soba,4,Kralja Zvonimira,14,21000,,Split,,,2,,OMENDULA d.o.o.,14237312002,,Turistička zajednica grada Split,"Kralja Zvonimira 14 SEASCAPE LUXURY ROOMS, 21000 SPLIT",5,Ostali objekti za smještaj koji se kategoriziraju/Soba,2026-05-16T11:59:07+00:00
9dc156b4-7675-5669-bb64-cee2e3675439,eturizam,1298334,,SEASCAPE LUXURY ROOMS – 6,Soba,4,Kralja Zvonimira,14,21000,,Split,,,2,,OMENDULA d.o.o.,14237312002,,Turistička zajednica grada Split,"Kralja Zvonimira 14 SEASCAPE LUXURY ROOMS, 21000 SPLIT",6,Ostali objekti za smještaj koji se kategoriziraju/Soba,2026-05-16T11:59:07+00:00
5d1ccc73-9baa-55e5-8466-4dec13e176c1,eturizam,1298336,,SEASCAPE LUXURY ROOMS – 8,Soba,4,Kralja Zvonimira,14,21000,,Split,,,2,,OMENDULA d.o.o.,14237312002,,Turistička zajednica grada Split,"Kralja Zvonimira 14 SEASCAPE LUXURY ROOMS, 21000 SPLIT",8,Ostali objekti za smještaj koji se kategoriziraju/Soba,2026-05-16T11:59:07+00:00
8609e04b-2c61-5ec7-a2f0-6078d306a3ad,eturizam,1305048,,RIVA CITY ROOMS – 1,Soba,4,Bana Jelačića,1,21000,,Split,,,2,,CITY ROOM d.o.o.,42576210373,,Turistička zajednica grada Split,"Bana Jelačića 1 RIVA CITY ROOMS, 21000 SPLIT",1,Ostali objekti za smještaj koji se kategoriziraju/Soba,2026-05-16T11:59:07+00:00
3015dae9-c860-511b-ba1a-fba10c0604a8,eturizam,1305049,,RIVA CITY ROOMS – 2,Soba,4,Bana Jelačića,1,21000,,Split,,,2,,CITY ROOM d.o.o.,42576210373,,Turistička zajednica grada Split,"Bana Jelačića 1 RIVA CITY ROOMS, 21000 SPLIT",2,Ostali objekti za smještaj koji se kategoriziraju/Soba,2026-05-16T11:59:07+00:00
09c48303-22ca-5601-a0dc-f964a145fa6d,eturizam,1305050,,RIVA CITY ROOMS – 3,Soba,4,Bana Jelačića,1,21000,,Split,,,2,,CITY ROOM d.o.o.,42576210373,,Turistička zajednica grada Split,"Bana Jelačića 1 RIVA CITY ROOMS, 21000 SPLIT",3,Ostali objekti za smještaj koji se kategoriziraju/Soba,2026-05-16T11:59:07+00:00
6df523f0-0a44-530c-af15-3fd64e189c56,eturizam,1305051,,RIVA CITY ROOMS – 4,Soba,4,Bana Jelačića,1,21000,,Split,,,2,,CITY ROOM d.o.o.,42576210373,,Turistička zajednica grada Split,"Bana Jelačića 1 RIVA CITY ROOMS, 21000 SPLIT",4,Ostali objekti za smještaj koji se kategoriziraju/Soba,2026-05-16T11:59:07+00:00
2f1f3fe7-c208-5f5f-81d6-dd73af3e1657,eturizam,1305052,,RIVA CITY ROOMS – 5,Soba,4,Bana Jelačića,1,21000,,Split,,,2,,CITY ROOM d.o.o.,42576210373,,Turistička zajednica grada Split,"Bana Jelačića 1 RIVA CITY ROOMS, 21000 SPLIT",5,Ostali objekti za smještaj koji se kategoriziraju/Soba,2026-05-16T11:59:07+00:00
c46ad912-ccbb-56ef-a6b2-e6f1ab97771b,eturizam,1311782,,BELVEDERE LUXURY ROOMS – VAROŠ,Soba,4,Trumbićeva obala,12,21000,,Split,,,2,,BELVEDERE 360 d.o.o.,40469944380,,Turistička zajednica grada Split,"Trumbićeva obala 12 BELVEDERE LUXURY ROOMS, 21000 SPLIT",VAROŠ,Ostali objekti za smještaj koji se kategoriziraju/Soba,2026-05-16T11:59:07+00:00
f08278e7-b3b5-5175-a850-70946a6cdc06,eturizam,1311783,,BELVEDERE LUXURY ROOMS – MATEJUŠKA,Soba,4,Trumbićeva obala,12,21000,,Split,,,2,,BELVEDERE 360 d.o.o.,40469944380,,Turistička zajednica grada Split,"Trumbićeva obala 12 BELVEDERE LUXURY ROOMS, 21000 SPLIT",MATEJUŠKA,Ostali objekti za smještaj koji se kategoriziraju/Soba,2026-05-16T11:59:07+00:00
56182cbb-8c03-5e14-91a4-974c5b74d1e1,eturizam,1311784,,BELVEDERE LUXURY ROOMS – RIVA,Soba,4,Trumbićeva obala,12,21000,,Split,,,2,,BELVEDERE 360 d.o.o.,40469944380,,Turistička zajednica grada Split,"Trumbićeva obala 12 BELVEDERE LUXURY ROOMS, 21000 SPLIT",RIVA,Ostali objekti za smještaj koji se kategoriziraju/Soba,2026-05-16T11:59:07+00:00
2e28ba10-224b-5c73-b5ed-ccf700258aec,eturizam,1312273,,PIPI 5,Studio apartman,4,Trumbićeva obala 5 PIPI 4 I PIPI,5,21000,,Split,,,2,,APARTMENTS GRAŠO d.o.o.,71255911863,,Turistička zajednica grada Split,"Trumbićeva obala 5 PIPI 4 I PIPI 5, 21000 SPLIT",PIPI 5,Ostali objekti za smještaj koji se kategoriziraju/Studio apartman,2026-05-16T11:59:07+00:00
20ae4cfa-3c36-505c-8633-e76a0c91f941,eturizam,1327615,,1,Soba,3,Gundulićeva,4,21000,,Split,,,2,,CALVADOS CLUB d.o.o.,71481743857,,Turistička zajednica grada Split,"Gundulićeva 4, 21000 SPLIT",1,Ostali objekti za smještaj koji se kategoriziraju/Soba,2026-05-16T11:59:07+00:00
a2ad0745-8cdc-53a6-b755-d639603701b6,eturizam,1327616,,2,Soba,3,Gundulićeva,4,21000,,Split,,,2,,CALVADOS CLUB d.o.o.,71481743857,,Turistička zajednica grada Split,"Gundulićeva 4, 21000 SPLIT",2,Ostali objekti za smještaj koji se kategoriziraju/Soba,2026-05-16T11:59:07+00:00
8b769295-1ead-5e63-8919-7ec58389ac74,eturizam,1370101,,1,Soba,3,Bana Jelačića,42,21220,Slatine,Split,,,3,,A.S. d.o.o.,38277114465,,Turistička zajednica grada Split,"Slatine, Bana Jelačića 42, 21220 SPLIT",1,Ostali objekti za smještaj koji se kategoriziraju/Soba,2026-05-16T11:59:07+00:00
cf6b356d-aeba-5ccd-b815-a943abe4bb42,eturizam,1370104,,2,Soba,3,Bana Jelačića,42,21220,Slatine,Split,,,2,,A.S. d.o.o.,38277114465,,Turistička zajednica grada Split,"Slatine, Bana Jelačića 42, 21220 SPLIT",2,Ostali objekti za smještaj koji se kategoriziraju/Soba,2026-05-16T11:59:07+00:00
0be1a69f-3df2-55b3-b994-9a2f79de0014,eturizam,1370105,,3,Soba,3,Bana Jelačića,42,21220,Slatine,Split,,,2,,A.S. d.o.o.,38277114465,,Turistička zajednica grada Split,"Slatine, Bana Jelačića 42, 21220 SPLIT",3,Ostali objekti za smještaj koji se kategoriziraju/Soba,2026-05-16T11:59:07+00:00
f5408b31-23e9-5624-a19f-0d33857618ec,eturizam,1370106,,4,Soba,3,Bana Jelačića,42,21220,Slatine,Split,,,2,,A.S. d.o.o.,38277114465,,Turistička zajednica grada Split,"Slatine, Bana Jelačića 42, 21220 SPLIT",4,Ostali objekti za smještaj koji se kategoriziraju/Soba,2026-05-16T11:59:07+00:00
c079e847-689a-5f76-868c-c52a2a3658a6,eturizam,1370107,,5,Soba,3,Bana Jelačića,42,21220,Slatine,Split,,,3,,A.S. d.o.o.,38277114465,,Turistička zajednica grada Split,"Slatine, Bana Jelačića 42, 21220 SPLIT",5,Ostali objekti za smještaj koji se kategoriziraju/Soba,2026-05-16T11:59:07+00:00
4897f02b-0e77-55e6-b4e8-955e8bb65f5b,eturizam,1370108,,6,Soba,3,Bana Jelačića,42,21220,Slatine,Split,,,2,,A.S. d.o.o.,38277114465,,Turistička zajednica grada Split,"Slatine, Bana Jelačića 42, 21220 SPLIT",6,Ostali objekti za smještaj koji se kategoriziraju/Soba,2026-05-16T11:59:07+00:00
4e3cc729-50c9-5dc4-ab31-bfd074e9138c,eturizam,1370109,,7,Soba,3,Bana Jelačića,42,21220,Slatine,Split,,,3,,A.S. d.o.o.,38277114465,,Turistička zajednica grada Split,"Slatine, Bana Jelačića 42, 21220 SPLIT",7,Ostali objekti za smještaj koji se kategoriziraju/Soba,2026-05-16T11:59:07+00:00
3cdac84d-b5b2-5ecf-93c2-6ded42a2849e,eturizam,1370110,,8,Soba,3,Bana Jelačića,42,21220,Slatine,Split,,,2,,A.S. d.o.o.,38277114465,,Turistička zajednica grada Split,"Slatine, Bana Jelačića 42, 21220 SPLIT",8,Ostali objekti za smještaj koji se kategoriziraju/Soba,2026-05-16T11:59:07+00:00
56678570-3a5c-51b6-8b90-319ef6023f74,eturizam,1370111,,9,Soba,3,Bana Jelačića,42,21220,Slatine,Split,,,3,,A.S. d.o.o.,38277114465,,Turistička zajednica grada Split,"Slatine, Bana Jelačića 42, 21220 SPLIT",9,Ostali objekti za smještaj koji se kategoriziraju/Soba,2026-05-16T11:59:07+00:00
74f38871-68a7-5f44-8aa9-2b08f7bd1ac2,eturizam,1370112,,10,Soba,3,Bana Jelačića,42,21220,Slatine,Split,,,3,,A.S. d.o.o.,38277114465,,Turistička zajednica grada Split,"Slatine, Bana Jelačića 42, 21220 SPLIT",10,Ostali objekti za smještaj koji se kategoriziraju/Soba,2026-05-16T11:59:07+00:00
d5c0a790-c779-5c02-b839-a1cf9024464d,eturizam,1370113,,11,Soba,3,Bana Jelačića,42,21220,Slatine,Split,,,3,,A.S. d.o.o.,38277114465,,Turistička zajednica grada Split,"Slatine, Bana Jelačića 42, 21220 SPLIT",11,Ostali objekti za smještaj koji se kategoriziraju/Soba,2026-05-16T11:59:07+00:00
88250692-2430-5ad1-854c-1868b8bfd8d1,eturizam,1370114,,12,Soba,3,Bana Jelačića,42,21220,Slatine,Split,,,3,,A.S. d.o.o.,38277114465,,Turistička zajednica grada Split,"Slatine, Bana Jelačića 42, 21220 SPLIT",12,Ostali objekti za smještaj koji se kategoriziraju/Soba,2026-05-16T11:59:07+00:00
244143b8-fd88-542c-8020-1839db1ef604,eturizam,1370115,,13,Soba,3,Bana Jelačića,42,21220,Slatine,Split,,,3,,A.S. d.o.o.,38277114465,,Turistička zajednica grada Split,"Slatine, Bana Jelačića 42, 21220 SPLIT",13,Ostali objekti za smještaj koji se kategoriziraju/Soba,2026-05-16T11:59:07+00:00
a8f6b609-3b5a-5634-b89e-06148074d594,eturizam,1417786,,6,Soba,2,Ulica 141. brigade hrvatske vojske,17,21000,,Split,,,2,,URBAN NOOK d.o.o.,03651027690,,Turistička zajednica grada Split,"Split, Ulica 141. brigade hrvatske vojske 17, 21000 SPLIT",6,Ostali objekti za smještaj koji se kategoriziraju/Soba,2026-05-16T11:59:07+00:00
384b2ec1-193e-56c8-aa3e-c3ce28448bc4,eturizam,1417788,,8,Studio apartman,3,Ulica 141. brigade hrvatske vojske,17,21000,,Split,,,4,,URBAN NOOK d.o.o.,03651027690,,Turistička zajednica grada Split,"Split, Ulica 141. brigade hrvatske vojske 17, 21000 SPLIT",8,Ostali objekti za smještaj koji se kategoriziraju/Studio apartman,2026-05-16T11:59:07+00:00
